report_date,variable,value
2020-12-24,Daily - Doses Administered,
2020-12-30,Daily - Doses Administered,7847.0
2020-12-31,Daily - Doses Administered,4899.0
2021-01-01,Daily - Doses Administered,5385.0
2021-01-02,Daily - Doses Administered,4304.0
2021-01-03,Daily - Doses Administered,4360.0
2021-01-04,Daily - Doses Administered,4868.0
2021-01-05,Daily - Doses Administered,7611.0
2021-01-06,Daily - Doses Administered,10350.0
2021-01-07,Daily - Doses Administered,12251.0
2021-01-08,Daily - Doses Administered,14932.0
2021-01-09,Daily - Doses Administered,15700.0
2021-01-10,Daily - Doses Administered,9983.0
2021-01-11,Daily - Doses Administered,8859.0
2021-01-12,Daily - Doses Administered,11448.0
2021-01-13,Daily - Doses Administered,11231.0
2021-01-14,Daily - Doses Administered,14237.0
2021-01-15,Daily - Doses Administered,15609.0
2021-01-16,Daily - Doses Administered,14460.0
2021-01-17,Daily - Doses Administered,11007.0
2021-01-18,Daily - Doses Administered,9691.0
2021-01-19,Daily - Doses Administered,14346.0
2021-01-20,Daily - Doses Administered,13784.0
2021-01-21,Daily - Doses Administered,15899.0
2021-01-22,Daily - Doses Administered,11168.0
2021-01-23,Daily - Doses Administered,11161.0
2021-01-24,Daily - Doses Administered,4427.0
2021-01-25,Daily - Doses Administered,5537.0
2021-01-26,Daily - Doses Administered,9707.0
2021-01-27,Daily - Doses Administered,9513.0
2021-01-28,Daily - Doses Administered,11910.0
2021-01-29,Daily - Doses Administered,10215.0
2021-01-30,Daily - Doses Administered,9373.0
2021-01-31,Daily - Doses Administered,2816.0
2021-02-01,Daily - Doses Administered,2256.0
2021-02-02,Daily - Doses Administered,2715.0
2021-02-03,Daily - Doses Administered,3716.0
2021-02-04,Daily - Doses Administered,6724.0
2021-02-05,Daily - Doses Administered,7694.0
2021-02-06,Daily - Doses Administered,9917.0
2021-02-07,Daily - Doses Administered,6518.0
2021-02-08,Daily - Doses Administered,6987.0
2021-02-09,Daily - Doses Administered,12462.0
2021-02-10,Daily - Doses Administered,13486.0
2021-02-11,Daily - Doses Administered,14717.0
2021-02-12,Daily - Doses Administered,15605.0
2021-02-13,Daily - Doses Administered,14506.0
2021-02-14,Daily - Doses Administered,10679.0
2021-02-15,Daily - Doses Administered,7698.0
2021-02-16,Daily - Doses Administered,5053.0
2021-02-17,Daily - Doses Administered,9107.0
2021-02-18,Daily - Doses Administered,12383.0
2021-02-19,Daily - Doses Administered,16967.0
2021-02-20,Daily - Doses Administered,21295.0
2021-02-21,Daily - Doses Administered,16404.0
2021-02-22,Daily - Doses Administered,12922.0
2021-02-23,Daily - Doses Administered,16252.0
2021-02-24,Daily - Doses Administered,17141.0
2021-02-25,Daily - Doses Administered,19112.0
2021-02-26,Daily - Doses Administered,21805.0
2021-02-27,Daily - Doses Administered,24339.0
2021-02-28,Daily - Doses Administered,19167.0
2021-03-01,Daily - Doses Administered,17424.0
2021-03-02,Daily - Doses Administered,22326.0
2021-03-03,Daily - Doses Administered,27398.0
2021-03-04,Daily - Doses Administered,30409.0
2021-03-05,Daily - Doses Administered,35886.0
2021-03-06,Daily - Doses Administered,39698.0
2021-03-07,Daily - Doses Administered,30192.0
2021-03-08,Daily - Doses Administered,21882.0
2021-03-09,Daily - Doses Administered,31047.0
2021-03-10,Daily - Doses Administered,35264.0
2021-03-11,Daily - Doses Administered,40610.0
2021-03-12,Daily - Doses Administered,43503.0
2021-03-13,Daily - Doses Administered,53586.0
2021-03-14,Daily - Doses Administered,41859.0
2021-03-15,Daily - Doses Administered,33198.0
2021-03-16,Daily - Doses Administered,51579.0
2021-03-17,Daily - Doses Administered,58202.0
2021-03-18,Daily - Doses Administered,58119.0
2021-03-19,Daily - Doses Administered,61146.0
2021-03-20,Daily - Doses Administered,60283.0
2021-03-21,Daily - Doses Administered,40823.0
2021-03-22,Daily - Doses Administered,31335.0
2021-03-23,Daily - Doses Administered,50659.0
2021-03-24,Daily - Doses Administered,72451.0
2021-03-25,Daily - Doses Administered,79446.0
2021-03-26,Daily - Doses Administered,82996.0
2021-03-27,Daily - Doses Administered,77740.0
2021-03-28,Daily - Doses Administered,64950.0
2021-03-29,Daily - Doses Administered,50453.0
2021-03-30,Daily - Doses Administered,70645.0
2021-03-31,Daily - Doses Administered,89873.0
2021-04-01,Daily - Doses Administered,84060.0
2021-04-02,Daily - Doses Administered,88183.0
2021-04-03,Daily - Doses Administered,59567.0
2021-04-04,Daily - Doses Administered,69125.0
2021-04-05,Daily - Doses Administered,52452.0
2021-04-06,Daily - Doses Administered,76199.0
2021-04-07,Daily - Doses Administered,104382.0
2021-04-08,Daily - Doses Administered,108563.0
2021-04-09,Daily - Doses Administered,105382.0
2021-04-10,Daily - Doses Administered,104783.0
2021-04-11,Daily - Doses Administered,94794.0
2021-04-12,Daily - Doses Administered,74722.0
2021-04-13,Daily - Doses Administered,95692.0
2021-04-14,Daily - Doses Administered,112817.0
2021-04-15,Daily - Doses Administered,105430.0
2021-04-16,Daily - Doses Administered,115634.0
2021-04-17,Daily - Doses Administered,107278.0
2021-04-18,Daily - Doses Administered,86565.0
2021-04-19,Daily - Doses Administered,66897.0
2021-04-20,Daily - Doses Administered,90409.0
2021-04-21,Daily - Doses Administered,136695.0
2021-04-22,Daily - Doses Administered,134920.0
2021-04-23,Daily - Doses Administered,133872.0
2021-04-24,Daily - Doses Administered,126694.0
2021-04-25,Daily - Doses Administered,99535.0
2021-04-26,Daily - Doses Administered,69308.0
2021-04-27,Daily - Doses Administered,94819.0
2021-04-28,Daily - Doses Administered,116173.0
2021-04-29,Daily - Doses Administered,120567.0
2021-04-30,Daily - Doses Administered,112214.0
2021-05-01,Daily - Doses Administered,107700.0
2021-05-02,Daily - Doses Administered,76685.0
2021-05-03,Daily - Doses Administered,53880.0
2021-05-04,Daily - Doses Administered,88871.0
2021-05-05,Daily - Doses Administered,132603.0
2021-05-06,Daily - Doses Administered,141038.0
2021-05-07,Daily - Doses Administered,144724.0
2021-05-08,Daily - Doses Administered,138125.0
2021-05-09,Daily - Doses Administered,121075.0
2021-05-10,Daily - Doses Administered,94093.0
2021-05-11,Daily - Doses Administered,112103.0
2021-05-12,Daily - Doses Administered,140785.0
2021-05-13,Daily - Doses Administered,137697.0
2021-05-14,Daily - Doses Administered,141765.0
2021-05-15,Daily - Doses Administered,154104.0
2021-05-16,Daily - Doses Administered,139583.0
2021-05-17,Daily - Doses Administered,112330.0
2021-05-18,Daily - Doses Administered,109032.0
2021-05-19,Daily - Doses Administered,145461.0
2021-05-20,Daily - Doses Administered,144986.0
2021-05-21,Daily - Doses Administered,158524.0
2021-05-22,Daily - Doses Administered,190129.0
2021-05-23,Daily - Doses Administered,140330.0
2021-05-24,Daily - Doses Administered,99108.0
2021-05-25,Daily - Doses Administered,86927.0
2021-05-26,Daily - Doses Administered,135308.0
2021-05-27,Daily - Doses Administered,143748.0
2021-05-28,Daily - Doses Administered,159775.0
2021-05-29,Daily - Doses Administered,148972.0
2021-05-30,Daily - Doses Administered,144833.0
2021-05-31,Daily - Doses Administered,97747.0
2021-06-01,Daily - Doses Administered,120195.0
2021-06-02,Daily - Doses Administered,139901.0
2021-06-03,Daily - Doses Administered,150884.0
2021-06-04,Daily - Doses Administered,168322.0
2021-06-05,Daily - Doses Administered,172855.0
2021-06-06,Daily - Doses Administered,158393.0
2021-06-07,Daily - Doses Administered,116829.0
2021-06-08,Daily - Doses Administered,158209.0
2021-06-09,Daily - Doses Administered,177506.0
2021-06-10,Daily - Doses Administered,182350.0
2021-06-11,Daily - Doses Administered,199951.0
2021-06-12,Daily - Doses Administered,195032.0
2021-06-13,Daily - Doses Administered,186415.0
2021-06-14,Daily - Doses Administered,135574.0
2021-06-15,Daily - Doses Administered,184989.0
2021-06-16,Daily - Doses Administered,202984.0
2021-06-17,Daily - Doses Administered,210611.0
2021-06-18,Daily - Doses Administered,210638.0
2021-06-19,Daily - Doses Administered,213236.0
2021-06-20,Daily - Doses Administered,184251.0
2021-06-21,Daily - Doses Administered,118625.0
2021-06-22,Daily - Doses Administered,199535.0
2021-06-23,Daily - Doses Administered,227318.0
2021-06-24,Daily - Doses Administered,225188.0
2021-06-25,Daily - Doses Administered,246393.0
2021-06-26,Daily - Doses Administered,256260.0
2021-06-27,Daily - Doses Administered,202672.0
2020-12-24,Daily - First Dose,
2020-12-30,Daily - First Dose,
2020-12-31,Daily - First Dose,
2021-01-01,Daily - First Dose,
2021-01-02,Daily - First Dose,
2021-01-03,Daily - First Dose,
2021-01-04,Daily - First Dose,
2021-01-05,Daily - First Dose,
2021-01-06,Daily - First Dose,
2021-01-07,Daily - First Dose,11594.0
2021-01-08,Daily - First Dose,13992.0
2021-01-09,Daily - First Dose,14787.0
2021-01-10,Daily - First Dose,9981.0
2021-01-11,Daily - First Dose,8859.0
2021-01-12,Daily - First Dose,11367.0
2021-01-13,Daily - First Dose,9865.0
2021-01-14,Daily - First Dose,11979.0
2021-01-15,Daily - First Dose,13709.0
2021-01-16,Daily - First Dose,13340.0
2021-01-17,Daily - First Dose,9817.0
2021-01-18,Daily - First Dose,9672.0
2021-01-19,Daily - First Dose,12417.0
2021-01-20,Daily - First Dose,10408.0
2021-01-21,Daily - First Dose,11967.0
2021-01-22,Daily - First Dose,6635.0
2021-01-23,Daily - First Dose,6853.0
2021-01-24,Daily - First Dose,1940.0
2021-01-25,Daily - First Dose,1350.0
2021-01-26,Daily - First Dose,3692.0
2021-01-27,Daily - First Dose,2926.0
2021-01-28,Daily - First Dose,4854.0
2021-01-29,Daily - First Dose,3822.0
2021-01-30,Daily - First Dose,3265.0
2021-01-31,Daily - First Dose,1754.0
2021-02-01,Daily - First Dose,812.0
2021-02-02,Daily - First Dose,951.0
2021-02-03,Daily - First Dose,779.0
2021-02-04,Daily - First Dose,741.0
2021-02-05,Daily - First Dose,840.0
2021-02-06,Daily - First Dose,1175.0
2021-02-07,Daily - First Dose,1347.0
2021-02-08,Daily - First Dose,2568.0
2021-02-09,Daily - First Dose,3096.0
2021-02-10,Daily - First Dose,3290.0
2021-02-11,Daily - First Dose,3454.0
2021-02-12,Daily - First Dose,1311.0
2021-02-13,Daily - First Dose,1481.0
2021-02-14,Daily - First Dose,343.0
2021-02-15,Daily - First Dose,204.0
2021-02-16,Daily - First Dose,256.0
2021-02-17,Daily - First Dose,675.0
2021-02-18,Daily - First Dose,1947.0
2021-02-19,Daily - First Dose,5054.0
2021-02-20,Daily - First Dose,9859.0
2021-02-21,Daily - First Dose,9633.0
2021-02-22,Daily - First Dose,8175.0
2021-02-23,Daily - First Dose,9879.0
2021-02-24,Daily - First Dose,12593.0
2021-02-25,Daily - First Dose,15253.0
2021-02-26,Daily - First Dose,19240.0
2021-02-27,Daily - First Dose,21381.0
2021-02-28,Daily - First Dose,18036.0
2021-03-01,Daily - First Dose,16313.0
2021-03-02,Daily - First Dose,20644.0
2021-03-03,Daily - First Dose,25584.0
2021-03-04,Daily - First Dose,29001.0
2021-03-05,Daily - First Dose,34941.0
2021-03-06,Daily - First Dose,38136.0
2021-03-07,Daily - First Dose,29010.0
2021-03-08,Daily - First Dose,20013.0
2021-03-09,Daily - First Dose,28530.0
2021-03-10,Daily - First Dose,32253.0
2021-03-11,Daily - First Dose,38100.0
2021-03-12,Daily - First Dose,42469.0
2021-03-13,Daily - First Dose,51648.0
2021-03-14,Daily - First Dose,40930.0
2021-03-15,Daily - First Dose,31530.0
2021-03-16,Daily - First Dose,49944.0
2021-03-17,Daily - First Dose,56461.0
2021-03-18,Daily - First Dose,56509.0
2021-03-19,Daily - First Dose,58666.0
2021-03-20,Daily - First Dose,57898.0
2021-03-21,Daily - First Dose,39408.0
2021-03-22,Daily - First Dose,30587.0
2021-03-23,Daily - First Dose,48913.0
2021-03-24,Daily - First Dose,70830.0
2021-03-25,Daily - First Dose,77724.0
2021-03-26,Daily - First Dose,81009.0
2021-03-27,Daily - First Dose,75812.0
2021-03-28,Daily - First Dose,63966.0
2021-03-29,Daily - First Dose,48490.0
2021-03-30,Daily - First Dose,68004.0
2021-03-31,Daily - First Dose,87942.0
2021-04-01,Daily - First Dose,82165.0
2021-04-02,Daily - First Dose,85548.0
2021-04-03,Daily - First Dose,58448.0
2021-04-04,Daily - First Dose,68546.0
2021-04-05,Daily - First Dose,52303.0
2021-04-06,Daily - First Dose,75248.0
2021-04-07,Daily - First Dose,102747.0
2021-04-08,Daily - First Dose,106986.0
2021-04-09,Daily - First Dose,103144.0
2021-04-10,Daily - First Dose,102399.0
2021-04-11,Daily - First Dose,92626.0
2021-04-12,Daily - First Dose,74453.0
2021-04-13,Daily - First Dose,93849.0
2021-04-14,Daily - First Dose,110873.0
2021-04-15,Daily - First Dose,103145.0
2021-04-16,Daily - First Dose,113192.0
2021-04-17,Daily - First Dose,104967.0
2021-04-18,Daily - First Dose,85499.0
2021-04-19,Daily - First Dose,66202.0
2021-04-20,Daily - First Dose,88817.0
2021-04-21,Daily - First Dose,134896.0
2021-04-22,Daily - First Dose,132962.0
2021-04-23,Daily - First Dose,130018.0
2021-04-24,Daily - First Dose,123126.0
2021-04-25,Daily - First Dose,97957.0
2021-04-26,Daily - First Dose,68496.0
2021-04-27,Daily - First Dose,93422.0
2021-04-28,Daily - First Dose,113570.0
2021-04-29,Daily - First Dose,117330.0
2021-04-30,Daily - First Dose,109507.0
2021-05-01,Daily - First Dose,105251.0
2021-05-02,Daily - First Dose,74964.0
2021-05-03,Daily - First Dose,53255.0
2021-05-04,Daily - First Dose,86691.0
2021-05-05,Daily - First Dose,129565.0
2021-05-06,Daily - First Dose,137572.0
2021-05-07,Daily - First Dose,141829.0
2021-05-08,Daily - First Dose,134619.0
2021-05-09,Daily - First Dose,119230.0
2021-05-10,Daily - First Dose,93044.0
2021-05-11,Daily - First Dose,109200.0
2021-05-12,Daily - First Dose,135314.0
2021-05-13,Daily - First Dose,132355.0
2021-05-14,Daily - First Dose,133834.0
2021-05-15,Daily - First Dose,146675.0
2021-05-16,Daily - First Dose,132907.0
2021-05-17,Daily - First Dose,109206.0
2021-05-18,Daily - First Dose,99690.0
2021-05-19,Daily - First Dose,130779.0
2021-05-20,Daily - First Dose,128011.0
2021-05-21,Daily - First Dose,136526.0
2021-05-22,Daily - First Dose,165905.0
2021-05-23,Daily - First Dose,128708.0
2021-05-24,Daily - First Dose,92741.0
2021-05-25,Daily - First Dose,80609.0
2021-05-26,Daily - First Dose,110279.0
2021-05-27,Daily - First Dose,118211.0
2021-05-28,Daily - First Dose,129709.0
2021-05-29,Daily - First Dose,114753.0
2021-05-30,Daily - First Dose,116078.0
2021-05-31,Daily - First Dose,78809.0
2021-06-01,Daily - First Dose,87305.0
2021-06-02,Daily - First Dose,98460.0
2021-06-03,Daily - First Dose,97066.0
2021-06-04,Daily - First Dose,107238.0
2021-06-05,Daily - First Dose,105663.0
2021-06-06,Daily - First Dose,90130.0
2021-06-07,Daily - First Dose,61544.0
2021-06-08,Daily - First Dose,70684.0
2021-06-09,Daily - First Dose,69160.0
2021-06-10,Daily - First Dose,65250.0
2021-06-11,Daily - First Dose,65985.0
2021-06-12,Daily - First Dose,61013.0
2021-06-13,Daily - First Dose,57394.0
2021-06-14,Daily - First Dose,38036.0
2021-06-15,Daily - First Dose,41558.0
2021-06-16,Daily - First Dose,42020.0
2021-06-17,Daily - First Dose,38291.0
2021-06-18,Daily - First Dose,34432.0
2021-06-19,Daily - First Dose,35175.0
2021-06-20,Daily - First Dose,35273.0
2021-06-21,Daily - First Dose,20205.0
2021-06-22,Daily - First Dose,26863.0
2021-06-23,Daily - First Dose,28946.0
2021-06-24,Daily - First Dose,26493.0
2021-06-25,Daily - First Dose,27611.0
2021-06-26,Daily - First Dose,29376.0
2021-06-27,Daily - First Dose,27156.0
2020-12-24,Daily - Second Dose,
2020-12-30,Daily - Second Dose,
2020-12-31,Daily - Second Dose,
2021-01-01,Daily - Second Dose,
2021-01-02,Daily - Second Dose,
2021-01-03,Daily - Second Dose,
2021-01-04,Daily - Second Dose,
2021-01-05,Daily - Second Dose,
2021-01-06,Daily - Second Dose,
2021-01-07,Daily - Second Dose,657.0
2021-01-08,Daily - Second Dose,940.0
2021-01-09,Daily - Second Dose,913.0
2021-01-10,Daily - Second Dose,2.0
2021-01-11,Daily - Second Dose,0.0
2021-01-12,Daily - Second Dose,81.0
2021-01-13,Daily - Second Dose,1366.0
2021-01-14,Daily - Second Dose,2258.0
2021-01-15,Daily - Second Dose,1900.0
2021-01-16,Daily - Second Dose,1120.0
2021-01-17,Daily - Second Dose,1190.0
2021-01-18,Daily - Second Dose,19.0
2021-01-19,Daily - Second Dose,1929.0
2021-01-20,Daily - Second Dose,3376.0
2021-01-21,Daily - Second Dose,3932.0
2021-01-22,Daily - Second Dose,4533.0
2021-01-23,Daily - Second Dose,4308.0
2021-01-24,Daily - Second Dose,2487.0
2021-01-25,Daily - Second Dose,4187.0
2021-01-26,Daily - Second Dose,6015.0
2021-01-27,Daily - Second Dose,6587.0
2021-01-28,Daily - Second Dose,7056.0
2021-01-29,Daily - Second Dose,6393.0
2021-01-30,Daily - Second Dose,6108.0
2021-01-31,Daily - Second Dose,1062.0
2021-02-01,Daily - Second Dose,1444.0
2021-02-02,Daily - Second Dose,1764.0
2021-02-03,Daily - Second Dose,2937.0
2021-02-04,Daily - Second Dose,5983.0
2021-02-05,Daily - Second Dose,6854.0
2021-02-06,Daily - Second Dose,8742.0
2021-02-07,Daily - Second Dose,5171.0
2021-02-08,Daily - Second Dose,4419.0
2021-02-09,Daily - Second Dose,9366.0
2021-02-10,Daily - Second Dose,10196.0
2021-02-11,Daily - Second Dose,11263.0
2021-02-12,Daily - Second Dose,14294.0
2021-02-13,Daily - Second Dose,13025.0
2021-02-14,Daily - Second Dose,10336.0
2021-02-15,Daily - Second Dose,7494.0
2021-02-16,Daily - Second Dose,4797.0
2021-02-17,Daily - Second Dose,8432.0
2021-02-18,Daily - Second Dose,10436.0
2021-02-19,Daily - Second Dose,11913.0
2021-02-20,Daily - Second Dose,11436.0
2021-02-21,Daily - Second Dose,6771.0
2021-02-22,Daily - Second Dose,4747.0
2021-02-23,Daily - Second Dose,6373.0
2021-02-24,Daily - Second Dose,4548.0
2021-02-25,Daily - Second Dose,3859.0
2021-02-26,Daily - Second Dose,2565.0
2021-02-27,Daily - Second Dose,2958.0
2021-02-28,Daily - Second Dose,1131.0
2021-03-01,Daily - Second Dose,1111.0
2021-03-02,Daily - Second Dose,1682.0
2021-03-03,Daily - Second Dose,1814.0
2021-03-04,Daily - Second Dose,1408.0
2021-03-05,Daily - Second Dose,945.0
2021-03-06,Daily - Second Dose,1562.0
2021-03-07,Daily - Second Dose,1182.0
2021-03-08,Daily - Second Dose,1869.0
2021-03-09,Daily - Second Dose,2517.0
2021-03-10,Daily - Second Dose,3011.0
2021-03-11,Daily - Second Dose,2510.0
2021-03-12,Daily - Second Dose,1034.0
2021-03-13,Daily - Second Dose,1938.0
2021-03-14,Daily - Second Dose,929.0
2021-03-15,Daily - Second Dose,1668.0
2021-03-16,Daily - Second Dose,1635.0
2021-03-17,Daily - Second Dose,1741.0
2021-03-18,Daily - Second Dose,1610.0
2021-03-19,Daily - Second Dose,2480.0
2021-03-20,Daily - Second Dose,2385.0
2021-03-21,Daily - Second Dose,1415.0
2021-03-22,Daily - Second Dose,748.0
2021-03-23,Daily - Second Dose,1746.0
2021-03-24,Daily - Second Dose,1621.0
2021-03-25,Daily - Second Dose,1722.0
2021-03-26,Daily - Second Dose,1987.0
2021-03-27,Daily - Second Dose,1928.0
2021-03-28,Daily - Second Dose,984.0
2021-03-29,Daily - Second Dose,1963.0
2021-03-30,Daily - Second Dose,2641.0
2021-03-31,Daily - Second Dose,1931.0
2021-04-01,Daily - Second Dose,1895.0
2021-04-02,Daily - Second Dose,2635.0
2021-04-03,Daily - Second Dose,1119.0
2021-04-04,Daily - Second Dose,579.0
2021-04-05,Daily - Second Dose,149.0
2021-04-06,Daily - Second Dose,951.0
2021-04-07,Daily - Second Dose,1635.0
2021-04-08,Daily - Second Dose,1577.0
2021-04-09,Daily - Second Dose,2238.0
2021-04-10,Daily - Second Dose,2384.0
2021-04-11,Daily - Second Dose,2168.0
2021-04-12,Daily - Second Dose,269.0
2021-04-13,Daily - Second Dose,1843.0
2021-04-14,Daily - Second Dose,1944.0
2021-04-15,Daily - Second Dose,2285.0
2021-04-16,Daily - Second Dose,2442.0
2021-04-17,Daily - Second Dose,2311.0
2021-04-18,Daily - Second Dose,1066.0
2021-04-19,Daily - Second Dose,695.0
2021-04-20,Daily - Second Dose,1592.0
2021-04-21,Daily - Second Dose,1799.0
2021-04-22,Daily - Second Dose,1958.0
2021-04-23,Daily - Second Dose,3854.0
2021-04-24,Daily - Second Dose,3568.0
2021-04-25,Daily - Second Dose,1578.0
2021-04-26,Daily - Second Dose,812.0
2021-04-27,Daily - Second Dose,1397.0
2021-04-28,Daily - Second Dose,2603.0
2021-04-29,Daily - Second Dose,3237.0
2021-04-30,Daily - Second Dose,2707.0
2021-05-01,Daily - Second Dose,2449.0
2021-05-02,Daily - Second Dose,1721.0
2021-05-03,Daily - Second Dose,625.0
2021-05-04,Daily - Second Dose,2180.0
2021-05-05,Daily - Second Dose,3038.0
2021-05-06,Daily - Second Dose,3466.0
2021-05-07,Daily - Second Dose,2895.0
2021-05-08,Daily - Second Dose,3506.0
2021-05-09,Daily - Second Dose,1845.0
2021-05-10,Daily - Second Dose,1049.0
2021-05-11,Daily - Second Dose,2903.0
2021-05-12,Daily - Second Dose,5471.0
2021-05-13,Daily - Second Dose,5342.0
2021-05-14,Daily - Second Dose,7931.0
2021-05-15,Daily - Second Dose,7429.0
2021-05-16,Daily - Second Dose,6676.0
2021-05-17,Daily - Second Dose,3124.0
2021-05-18,Daily - Second Dose,9342.0
2021-05-19,Daily - Second Dose,14682.0
2021-05-20,Daily - Second Dose,16975.0
2021-05-21,Daily - Second Dose,21998.0
2021-05-22,Daily - Second Dose,24224.0
2021-05-23,Daily - Second Dose,11622.0
2021-05-24,Daily - Second Dose,6367.0
2021-05-25,Daily - Second Dose,6318.0
2021-05-26,Daily - Second Dose,25029.0
2021-05-27,Daily - Second Dose,25537.0
2021-05-28,Daily - Second Dose,30066.0
2021-05-29,Daily - Second Dose,34219.0
2021-05-30,Daily - Second Dose,28755.0
2021-05-31,Daily - Second Dose,18938.0
2021-06-01,Daily - Second Dose,32890.0
2021-06-02,Daily - Second Dose,41441.0
2021-06-03,Daily - Second Dose,53818.0
2021-06-04,Daily - Second Dose,61084.0
2021-06-05,Daily - Second Dose,67192.0
2021-06-06,Daily - Second Dose,68263.0
2021-06-07,Daily - Second Dose,55285.0
2021-06-08,Daily - Second Dose,87525.0
2021-06-09,Daily - Second Dose,108346.0
2021-06-10,Daily - Second Dose,117100.0
2021-06-11,Daily - Second Dose,133966.0
2021-06-12,Daily - Second Dose,134019.0
2021-06-13,Daily - Second Dose,129021.0
2021-06-14,Daily - Second Dose,97538.0
2021-06-15,Daily - Second Dose,143431.0
2021-06-16,Daily - Second Dose,160964.0
2021-06-17,Daily - Second Dose,172320.0
2021-06-18,Daily - Second Dose,176206.0
2021-06-19,Daily - Second Dose,178061.0
2021-06-20,Daily - Second Dose,148978.0
2021-06-21,Daily - Second Dose,98420.0
2021-06-22,Daily - Second Dose,172672.0
2021-06-23,Daily - Second Dose,198372.0
2021-06-24,Daily - Second Dose,198695.0
2021-06-25,Daily - Second Dose,218782.0
2021-06-26,Daily - Second Dose,226884.0
2021-06-27,Daily - Second Dose,175516.0
2020-12-24,Total Doses,10756.0
2020-12-30,Total Doses,18603.0
2020-12-31,Total Doses,23502.0
2021-01-01,Total Doses,28887.0
2021-01-02,Total Doses,33191.0
2021-01-03,Total Doses,37551.0
2021-01-04,Total Doses,42419.0
2021-01-05,Total Doses,50030.0
2021-01-06,Total Doses,60380.0
2021-01-07,Total Doses,72631.0
2021-01-08,Total Doses,87563.0
2021-01-09,Total Doses,103263.0
2021-01-10,Total Doses,113246.0
2021-01-11,Total Doses,122105.0
2021-01-12,Total Doses,133553.0
2021-01-13,Total Doses,144784.0
2021-01-14,Total Doses,159021.0
2021-01-15,Total Doses,174630.0
2021-01-16,Total Doses,189090.0
2021-01-17,Total Doses,200097.0
2021-01-18,Total Doses,209788.0
2021-01-19,Total Doses,224134.0
2021-01-20,Total Doses,237918.0
2021-01-21,Total Doses,253817.0
2021-01-22,Total Doses,264985.0
2021-01-23,Total Doses,276146.0
2021-01-24,Total Doses,280573.0
2021-01-25,Total Doses,286110.0
2021-01-26,Total Doses,295817.0
2021-01-27,Total Doses,305330.0
2021-01-28,Total Doses,317240.0
2021-01-29,Total Doses,327455.0
2021-01-30,Total Doses,336828.0
2021-01-31,Total Doses,339644.0
2021-02-01,Total Doses,341900.0
2021-02-02,Total Doses,344615.0
2021-02-03,Total Doses,348331.0
2021-02-04,Total Doses,355055.0
2021-02-05,Total Doses,362749.0
2021-02-06,Total Doses,372666.0
2021-02-07,Total Doses,379184.0
2021-02-08,Total Doses,386171.0
2021-02-09,Total Doses,398633.0
2021-02-10,Total Doses,412119.0
2021-02-11,Total Doses,426836.0
2021-02-12,Total Doses,442441.0
2021-02-13,Total Doses,456947.0
2021-02-14,Total Doses,467626.0
2021-02-15,Total Doses,475324.0
2021-02-16,Total Doses,480377.0
2021-02-17,Total Doses,489484.0
2021-02-18,Total Doses,501867.0
2021-02-19,Total Doses,518834.0
2021-02-20,Total Doses,540129.0
2021-02-21,Total Doses,556533.0
2021-02-22,Total Doses,569455.0
2021-02-23,Total Doses,585707.0
2021-02-24,Total Doses,602848.0
2021-02-25,Total Doses,621960.0
2021-02-26,Total Doses,643765.0
2021-02-27,Total Doses,668104.0
2021-02-28,Total Doses,687271.0
2021-03-01,Total Doses,704695.0
2021-03-02,Total Doses,727021.0
2021-03-03,Total Doses,754419.0
2021-03-04,Total Doses,784828.0
2021-03-05,Total Doses,820714.0
2021-03-06,Total Doses,860412.0
2021-03-07,Total Doses,890604.0
2021-03-08,Total Doses,912486.0
2021-03-09,Total Doses,943533.0
2021-03-10,Total Doses,978797.0
2021-03-11,Total Doses,1019407.0
2021-03-12,Total Doses,1062910.0
2021-03-13,Total Doses,1116496.0
2021-03-14,Total Doses,1158355.0
2021-03-15,Total Doses,1191553.0
2021-03-16,Total Doses,1243132.0
2021-03-17,Total Doses,1301334.0
2021-03-18,Total Doses,1359453.0
2021-03-19,Total Doses,1420599.0
2021-03-20,Total Doses,1480882.0
2021-03-21,Total Doses,1521705.0
2021-03-22,Total Doses,1553040.0
2021-03-23,Total Doses,1603699.0
2021-03-24,Total Doses,1676150.0
2021-03-25,Total Doses,1755596.0
2021-03-26,Total Doses,1838592.0
2021-03-27,Total Doses,1916332.0
2021-03-28,Total Doses,1981282.0
2021-03-29,Total Doses,2031735.0
2021-03-30,Total Doses,2102380.0
2021-03-31,Total Doses,2192253.0
2021-04-01,Total Doses,2276313.0
2021-04-02,Total Doses,2364496.0
2021-04-03,Total Doses,2424063.0
2021-04-04,Total Doses,2493188.0
2021-04-05,Total Doses,2545640.0
2021-04-06,Total Doses,2621839.0
2021-04-07,Total Doses,2726221.0
2021-04-08,Total Doses,2834784.0
2021-04-09,Total Doses,2940166.0
2021-04-10,Total Doses,3044949.0
2021-04-11,Total Doses,3139743.0
2021-04-12,Total Doses,3214465.0
2021-04-13,Total Doses,3310157.0
2021-04-14,Total Doses,3422974.0
2021-04-15,Total Doses,3528404.0
2021-04-16,Total Doses,3644038.0
2021-04-17,Total Doses,3751316.0
2021-04-18,Total Doses,3837881.0
2021-04-19,Total Doses,3904778.0
2021-04-20,Total Doses,3995187.0
2021-04-21,Total Doses,4131882.0
2021-04-22,Total Doses,4266802.0
2021-04-23,Total Doses,4400674.0
2021-04-24,Total Doses,4527368.0
2021-04-25,Total Doses,4626903.0
2021-04-26,Total Doses,4696211.0
2021-04-27,Total Doses,4791030.0
2021-04-28,Total Doses,4907203.0
2021-04-29,Total Doses,5027770.0
2021-04-30,Total Doses,5139984.0
2021-05-01,Total Doses,5247684.0
2021-05-02,Total Doses,5324369.0
2021-05-03,Total Doses,5378249.0
2021-05-04,Total Doses,5467120.0
2021-05-05,Total Doses,5599723.0
2021-05-06,Total Doses,5740761.0
2021-05-07,Total Doses,5885485.0
2021-05-08,Total Doses,6023610.0
2021-05-09,Total Doses,6144685.0
2021-05-10,Total Doses,6238778.0
2021-05-11,Total Doses,6350881.0
2021-05-12,Total Doses,6491666.0
2021-05-13,Total Doses,6629363.0
2021-05-14,Total Doses,6771128.0
2021-05-15,Total Doses,6925232.0
2021-05-16,Total Doses,7064815.0
2021-05-17,Total Doses,7177145.0
2021-05-18,Total Doses,7286177.0
2021-05-19,Total Doses,7431638.0
2021-05-20,Total Doses,7576624.0
2021-05-21,Total Doses,7735148.0
2021-05-22,Total Doses,7925277.0
2021-05-23,Total Doses,8065607.0
2021-05-24,Total Doses,8164715.0
2021-05-25,Total Doses,8251642.0
2021-05-26,Total Doses,8386950.0
2021-05-27,Total Doses,8530698.0
2021-05-28,Total Doses,8690473.0
2021-05-29,Total Doses,8839445.0
2021-05-30,Total Doses,8984278.0
2021-05-31,Total Doses,9082025.0
2021-06-01,Total Doses,9202220.0
2021-06-02,Total Doses,9342121.0
2021-06-03,Total Doses,9493005.0
2021-06-04,Total Doses,9661327.0
2021-06-05,Total Doses,9834182.0
2021-06-06,Total Doses,9992575.0
2021-06-07,Total Doses,10109404.0
2021-06-08,Total Doses,10267613.0
2021-06-09,Total Doses,10445119.0
2021-06-10,Total Doses,10627469.0
2021-06-11,Total Doses,10827420.0
2021-06-12,Total Doses,11022452.0
2021-06-13,Total Doses,11208867.0
2021-06-14,Total Doses,11344441.0
2021-06-15,Total Doses,11529430.0
2021-06-16,Total Doses,11732414.0
2021-06-17,Total Doses,11943025.0
2021-06-18,Total Doses,12153663.0
2021-06-19,Total Doses,12366899.0
2021-06-20,Total Doses,12551150.0
2021-06-21,Total Doses,12669775.0
2021-06-22,Total Doses,12869310.0
2021-06-23,Total Doses,13096628.0
2021-06-24,Total Doses,13321816.0
2021-06-25,Total Doses,13568209.0
2021-06-26,Total Doses,13824469.0
2021-06-27,Total Doses,14027141.0
2020-12-24,Population Vaccinated,
2020-12-30,Population Vaccinated,
2020-12-31,Population Vaccinated,
2021-01-01,Population Vaccinated,
2021-01-02,Population Vaccinated,
2021-01-03,Population Vaccinated,
2021-01-04,Population Vaccinated,
2021-01-05,Population Vaccinated,
2021-01-06,Population Vaccinated,59950.0
2021-01-07,Population Vaccinated,71544.0
2021-01-08,Population Vaccinated,85536.0
2021-01-09,Population Vaccinated,100323.0
2021-01-10,Population Vaccinated,110304.0
2021-01-11,Population Vaccinated,119163.0
2021-01-12,Population Vaccinated,130530.0
2021-01-13,Population Vaccinated,140395.0
2021-01-14,Population Vaccinated,152374.0
2021-01-15,Population Vaccinated,166083.0
2021-01-16,Population Vaccinated,179423.0
2021-01-17,Population Vaccinated,189240.0
2021-01-18,Population Vaccinated,198912.0
2021-01-19,Population Vaccinated,211329.0
2021-01-20,Population Vaccinated,221737.0
2021-01-21,Population Vaccinated,233704.0
2021-01-22,Population Vaccinated,240339.0
2021-01-23,Population Vaccinated,247192.0
2021-01-24,Population Vaccinated,249132.0
2021-01-25,Population Vaccinated,250482.0
2021-01-26,Population Vaccinated,254174.0
2021-01-27,Population Vaccinated,257100.0
2021-01-28,Population Vaccinated,261954.0
2021-01-29,Population Vaccinated,265776.0
2021-01-30,Population Vaccinated,269041.0
2021-01-31,Population Vaccinated,270795.0
2021-02-01,Population Vaccinated,271607.0
2021-02-02,Population Vaccinated,272558.0
2021-02-03,Population Vaccinated,273337.0
2021-02-04,Population Vaccinated,274078.0
2021-02-05,Population Vaccinated,274918.0
2021-02-06,Population Vaccinated,276093.0
2021-02-07,Population Vaccinated,277440.0
2021-02-08,Population Vaccinated,280008.0
2021-02-09,Population Vaccinated,283104.0
2021-02-10,Population Vaccinated,286394.0
2021-02-11,Population Vaccinated,289848.0
2021-02-12,Population Vaccinated,291159.0
2021-02-13,Population Vaccinated,292640.0
2021-02-14,Population Vaccinated,292983.0
2021-02-15,Population Vaccinated,293187.0
2021-02-16,Population Vaccinated,293443.0
2021-02-17,Population Vaccinated,294118.0
2021-02-18,Population Vaccinated,296065.0
2021-02-19,Population Vaccinated,301119.0
2021-02-20,Population Vaccinated,310978.0
2021-02-21,Population Vaccinated,320611.0
2021-02-22,Population Vaccinated,328786.0
2021-02-23,Population Vaccinated,338665.0
2021-02-24,Population Vaccinated,351258.0
2021-02-25,Population Vaccinated,366511.0
2021-02-26,Population Vaccinated,385751.0
2021-02-27,Population Vaccinated,407132.0
2021-02-28,Population Vaccinated,425168.0
2021-03-01,Population Vaccinated,441481.0
2021-03-02,Population Vaccinated,462125.0
2021-03-03,Population Vaccinated,487709.0
2021-03-04,Population Vaccinated,516710.0
2021-03-05,Population Vaccinated,551651.0
2021-03-06,Population Vaccinated,589787.0
2021-03-07,Population Vaccinated,618797.0
2021-03-08,Population Vaccinated,638810.0
2021-03-09,Population Vaccinated,667340.0
2021-03-10,Population Vaccinated,699593.0
2021-03-11,Population Vaccinated,737693.0
2021-03-12,Population Vaccinated,780162.0
2021-03-13,Population Vaccinated,831810.0
2021-03-14,Population Vaccinated,872740.0
2021-03-15,Population Vaccinated,904270.0
2021-03-16,Population Vaccinated,954214.0
2021-03-17,Population Vaccinated,1010675.0
2021-03-18,Population Vaccinated,1067184.0
2021-03-19,Population Vaccinated,1125850.0
2021-03-20,Population Vaccinated,1183748.0
2021-03-21,Population Vaccinated,1223156.0
2021-03-22,Population Vaccinated,1253743.0
2021-03-23,Population Vaccinated,1302656.0
2021-03-24,Population Vaccinated,1373486.0
2021-03-25,Population Vaccinated,1451210.0
2021-03-26,Population Vaccinated,1532219.0
2021-03-27,Population Vaccinated,1608031.0
2021-03-28,Population Vaccinated,1671997.0
2021-03-29,Population Vaccinated,1720487.0
2021-03-30,Population Vaccinated,1788491.0
2021-03-31,Population Vaccinated,1876433.0
2021-04-01,Population Vaccinated,1958598.0
2021-04-02,Population Vaccinated,2044146.0
2021-04-03,Population Vaccinated,2102594.0
2021-04-04,Population Vaccinated,2171140.0
2021-04-05,Population Vaccinated,2223443.0
2021-04-06,Population Vaccinated,2298691.0
2021-04-07,Population Vaccinated,2401438.0
2021-04-08,Population Vaccinated,2508424.0
2021-04-09,Population Vaccinated,2611568.0
2021-04-10,Population Vaccinated,2713967.0
2021-04-11,Population Vaccinated,2806593.0
2021-04-12,Population Vaccinated,2881046.0
2021-04-13,Population Vaccinated,2974895.0
2021-04-14,Population Vaccinated,3085768.0
2021-04-15,Population Vaccinated,3188913.0
2021-04-16,Population Vaccinated,3302105.0
2021-04-17,Population Vaccinated,3407072.0
2021-04-18,Population Vaccinated,3492571.0
2021-04-19,Population Vaccinated,3558773.0
2021-04-20,Population Vaccinated,3647590.0
2021-04-21,Population Vaccinated,3782486.0
2021-04-22,Population Vaccinated,3915448.0
2021-04-23,Population Vaccinated,4045466.0
2021-04-24,Population Vaccinated,4168592.0
2021-04-25,Population Vaccinated,4266549.0
2021-04-26,Population Vaccinated,4335045.0
2021-04-27,Population Vaccinated,4428467.0
2021-04-28,Population Vaccinated,4542037.0
2021-04-29,Population Vaccinated,4659367.0
2021-04-30,Population Vaccinated,4768874.0
2021-05-01,Population Vaccinated,4874125.0
2021-05-02,Population Vaccinated,4949089.0
2021-05-03,Population Vaccinated,5002344.0
2021-05-04,Population Vaccinated,5089035.0
2021-05-05,Population Vaccinated,5218600.0
2021-05-06,Population Vaccinated,5356172.0
2021-05-07,Population Vaccinated,5498001.0
2021-05-08,Population Vaccinated,5632620.0
2021-05-09,Population Vaccinated,5751850.0
2021-05-10,Population Vaccinated,5844894.0
2021-05-11,Population Vaccinated,5954094.0
2021-05-12,Population Vaccinated,6089408.0
2021-05-13,Population Vaccinated,6221763.0
2021-05-14,Population Vaccinated,6355597.0
2021-05-15,Population Vaccinated,6502272.0
2021-05-16,Population Vaccinated,6635179.0
2021-05-17,Population Vaccinated,6744385.0
2021-05-18,Population Vaccinated,6844075.0
2021-05-19,Population Vaccinated,6974854.0
2021-05-20,Population Vaccinated,7102865.0
2021-05-21,Population Vaccinated,7239391.0
2021-05-22,Population Vaccinated,7405296.0
2021-05-23,Population Vaccinated,7534004.0
2021-05-24,Population Vaccinated,7626745.0
2021-05-25,Population Vaccinated,7707354.0
2021-05-26,Population Vaccinated,7817633.0
2021-05-27,Population Vaccinated,7935844.0
2021-05-28,Population Vaccinated,8065553.0
2021-05-29,Population Vaccinated,8180306.0
2021-05-30,Population Vaccinated,8296384.0
2021-05-31,Population Vaccinated,8375193.0
2021-06-01,Population Vaccinated,8462498.0
2021-06-02,Population Vaccinated,8560958.0
2021-06-03,Population Vaccinated,8658024.0
2021-06-04,Population Vaccinated,8765262.0
2021-06-05,Population Vaccinated,8870925.0
2021-06-06,Population Vaccinated,8961055.0
2021-06-07,Population Vaccinated,9022599.0
2021-06-08,Population Vaccinated,9093283.0
2021-06-09,Population Vaccinated,9162443.0
2021-06-10,Population Vaccinated,9227693.0
2021-06-11,Population Vaccinated,9293678.0
2021-06-12,Population Vaccinated,9354691.0
2021-06-13,Population Vaccinated,9412085.0
2021-06-14,Population Vaccinated,9450121.0
2021-06-15,Population Vaccinated,9491679.0
2021-06-16,Population Vaccinated,9533699.0
2021-06-17,Population Vaccinated,9571990.0
2021-06-18,Population Vaccinated,9606422.0
2021-06-19,Population Vaccinated,9641597.0
2021-06-20,Population Vaccinated,9676870.0
2021-06-21,Population Vaccinated,9697075.0
2021-06-22,Population Vaccinated,9723938.0
2021-06-23,Population Vaccinated,9752884.0
2021-06-24,Population Vaccinated,9779377.0
2021-06-25,Population Vaccinated,9806988.0
2021-06-26,Population Vaccinated,9836364.0
2021-06-27,Population Vaccinated,9863520.0
2020-12-24,Doses for Fully Vaccinated,
2020-12-30,Doses for Fully Vaccinated,
2020-12-31,Doses for Fully Vaccinated,
2021-01-01,Doses for Fully Vaccinated,
2021-01-02,Doses for Fully Vaccinated,
2021-01-03,Doses for Fully Vaccinated,
2021-01-04,Doses for Fully Vaccinated,
2021-01-05,Doses for Fully Vaccinated,
2021-01-06,Doses for Fully Vaccinated,860.0
2021-01-07,Doses for Fully Vaccinated,2173.0
2021-01-08,Doses for Fully Vaccinated,4053.0
2021-01-09,Doses for Fully Vaccinated,5880.0
2021-01-10,Doses for Fully Vaccinated,5884.0
2021-01-11,Doses for Fully Vaccinated,5884.0
2021-01-12,Doses for Fully Vaccinated,6046.0
2021-01-13,Doses for Fully Vaccinated,8778.0
2021-01-14,Doses for Fully Vaccinated,13293.0
2021-01-15,Doses for Fully Vaccinated,17094.0
2021-01-16,Doses for Fully Vaccinated,19333.0
2021-01-17,Doses for Fully Vaccinated,21714.0
2021-01-18,Doses for Fully Vaccinated,21752.0
2021-01-19,Doses for Fully Vaccinated,25609.0
2021-01-20,Doses for Fully Vaccinated,32361.0
2021-01-21,Doses for Fully Vaccinated,40225.0
2021-01-22,Doses for Fully Vaccinated,49292.0
2021-01-23,Doses for Fully Vaccinated,57907.0
2021-01-24,Doses for Fully Vaccinated,62881.0
2021-01-25,Doses for Fully Vaccinated,71256.0
2021-01-26,Doses for Fully Vaccinated,83285.0
2021-01-27,Doses for Fully Vaccinated,96459.0
2021-01-28,Doses for Fully Vaccinated,110571.0
2021-01-29,Doses for Fully Vaccinated,123357.0
2021-01-30,Doses for Fully Vaccinated,135574.0
2021-01-31,Doses for Fully Vaccinated,137698.0
2021-02-01,Doses for Fully Vaccinated,140585.0
2021-02-02,Doses for Fully Vaccinated,144113.0
2021-02-03,Doses for Fully Vaccinated,149987.0
2021-02-04,Doses for Fully Vaccinated,161954.0
2021-02-05,Doses for Fully Vaccinated,175662.0
2021-02-06,Doses for Fully Vaccinated,193146.0
2021-02-07,Doses for Fully Vaccinated,203487.0
2021-02-08,Doses for Fully Vaccinated,212326.0
2021-02-09,Doses for Fully Vaccinated,231058.0
2021-02-10,Doses for Fully Vaccinated,251449.0
2021-02-11,Doses for Fully Vaccinated,273975.0
2021-02-12,Doses for Fully Vaccinated,302563.0
2021-02-13,Doses for Fully Vaccinated,328614.0
2021-02-14,Doses for Fully Vaccinated,349286.0
2021-02-15,Doses for Fully Vaccinated,364274.0
2021-02-16,Doses for Fully Vaccinated,373867.0
2021-02-17,Doses for Fully Vaccinated,390731.0
2021-02-18,Doses for Fully Vaccinated,411604.0
2021-02-19,Doses for Fully Vaccinated,435429.0
2021-02-20,Doses for Fully Vaccinated,458301.0
2021-02-21,Doses for Fully Vaccinated,471843.0
2021-02-22,Doses for Fully Vaccinated,481337.0
2021-02-23,Doses for Fully Vaccinated,494083.0
2021-02-24,Doses for Fully Vaccinated,503180.0
2021-02-25,Doses for Fully Vaccinated,510897.0
2021-02-26,Doses for Fully Vaccinated,516028.0
2021-02-27,Doses for Fully Vaccinated,521943.0
2021-02-28,Doses for Fully Vaccinated,524205.0
2021-03-01,Doses for Fully Vaccinated,526427.0
2021-03-02,Doses for Fully Vaccinated,529792.0
2021-03-03,Doses for Fully Vaccinated,533420.0
2021-03-04,Doses for Fully Vaccinated,536235.0
2021-03-05,Doses for Fully Vaccinated,538126.0
2021-03-06,Doses for Fully Vaccinated,541250.0
2021-03-07,Doses for Fully Vaccinated,543614.0
2021-03-08,Doses for Fully Vaccinated,547352.0
2021-03-09,Doses for Fully Vaccinated,552385.0
2021-03-10,Doses for Fully Vaccinated,558407.0
2021-03-11,Doses for Fully Vaccinated,563428.0
2021-03-12,Doses for Fully Vaccinated,565495.0
2021-03-13,Doses for Fully Vaccinated,569371.0
2021-03-14,Doses for Fully Vaccinated,571229.0
2021-03-15,Doses for Fully Vaccinated,574566.0
2021-03-16,Doses for Fully Vaccinated,577836.0
2021-03-17,Doses for Fully Vaccinated,581318.0
2021-03-18,Doses for Fully Vaccinated,584537.0
2021-03-19,Doses for Fully Vaccinated,589498.0
2021-03-20,Doses for Fully Vaccinated,594267.0
2021-03-21,Doses for Fully Vaccinated,597098.0
2021-03-22,Doses for Fully Vaccinated,598594.0
2021-03-23,Doses for Fully Vaccinated,602086.0
2021-03-24,Doses for Fully Vaccinated,605328.0
2021-03-25,Doses for Fully Vaccinated,608771.0
2021-03-26,Doses for Fully Vaccinated,612746.0
2021-03-27,Doses for Fully Vaccinated,616602.0
2021-03-28,Doses for Fully Vaccinated,618570.0
2021-03-29,Doses for Fully Vaccinated,622495.0
2021-03-30,Doses for Fully Vaccinated,627778.0
2021-03-31,Doses for Fully Vaccinated,631639.0
2021-04-01,Doses for Fully Vaccinated,635430.0
2021-04-02,Doses for Fully Vaccinated,640700.0
2021-04-03,Doses for Fully Vaccinated,642937.0
2021-04-04,Doses for Fully Vaccinated,644095.0
2021-04-05,Doses for Fully Vaccinated,644393.0
2021-04-06,Doses for Fully Vaccinated,646295.0
2021-04-07,Doses for Fully Vaccinated,649566.0
2021-04-08,Doses for Fully Vaccinated,652719.0
2021-04-09,Doses for Fully Vaccinated,657719.0
2021-04-10,Doses for Fully Vaccinated,661963.0
2021-04-11,Doses for Fully Vaccinated,666299.0
2021-04-12,Doses for Fully Vaccinated,666838.0
2021-04-13,Doses for Fully Vaccinated,670524.0
2021-04-14,Doses for Fully Vaccinated,674411.0
2021-04-15,Doses for Fully Vaccinated,678981.0
2021-04-16,Doses for Fully Vaccinated,683866.0
2021-04-17,Doses for Fully Vaccinated,688488.0
2021-04-18,Doses for Fully Vaccinated,690620.0
2021-04-19,Doses for Fully Vaccinated,692010.0
2021-04-20,Doses for Fully Vaccinated,695194.0
2021-04-21,Doses for Fully Vaccinated,698791.0
2021-04-22,Doses for Fully Vaccinated,702707.0
2021-04-23,Doses for Fully Vaccinated,710416.0
2021-04-24,Doses for Fully Vaccinated,717552.0
2021-04-25,Doses for Fully Vaccinated,720708.0
2021-04-26,Doses for Fully Vaccinated,722332.0
2021-04-27,Doses for Fully Vaccinated,725126.0
2021-04-28,Doses for Fully Vaccinated,730332.0
2021-04-29,Doses for Fully Vaccinated,736806.0
2021-04-30,Doses for Fully Vaccinated,742220.0
2021-05-01,Doses for Fully Vaccinated,747118.0
2021-05-02,Doses for Fully Vaccinated,750560.0
2021-05-03,Doses for Fully Vaccinated,751810.0
2021-05-04,Doses for Fully Vaccinated,756170.0
2021-05-05,Doses for Fully Vaccinated,762246.0
2021-05-06,Doses for Fully Vaccinated,769178.0
2021-05-07,Doses for Fully Vaccinated,774968.0
2021-05-08,Doses for Fully Vaccinated,781980.0
2021-05-09,Doses for Fully Vaccinated,785670.0
2021-05-10,Doses for Fully Vaccinated,787768.0
2021-05-11,Doses for Fully Vaccinated,793574.0
2021-05-12,Doses for Fully Vaccinated,804516.0
2021-05-13,Doses for Fully Vaccinated,815200.0
2021-05-14,Doses for Fully Vaccinated,831062.0
2021-05-15,Doses for Fully Vaccinated,845920.0
2021-05-16,Doses for Fully Vaccinated,859272.0
2021-05-17,Doses for Fully Vaccinated,865520.0
2021-05-18,Doses for Fully Vaccinated,884204.0
2021-05-19,Doses for Fully Vaccinated,913568.0
2021-05-20,Doses for Fully Vaccinated,947518.0
2021-05-21,Doses for Fully Vaccinated,991514.0
2021-05-22,Doses for Fully Vaccinated,1039962.0
2021-05-23,Doses for Fully Vaccinated,1063206.0
2021-05-24,Doses for Fully Vaccinated,1075940.0
2021-05-25,Doses for Fully Vaccinated,1088576.0
2021-05-26,Doses for Fully Vaccinated,1138634.0
2021-05-27,Doses for Fully Vaccinated,1189708.0
2021-05-28,Doses for Fully Vaccinated,1249840.0
2021-05-29,Doses for Fully Vaccinated,1318278.0
2021-05-30,Doses for Fully Vaccinated,1375788.0
2021-05-31,Doses for Fully Vaccinated,1413664.0
2021-06-01,Doses for Fully Vaccinated,1479444.0
2021-06-02,Doses for Fully Vaccinated,1562326.0
2021-06-03,Doses for Fully Vaccinated,1669962.0
2021-06-04,Doses for Fully Vaccinated,1792130.0
2021-06-05,Doses for Fully Vaccinated,1926514.0
2021-06-06,Doses for Fully Vaccinated,2063040.0
2021-06-07,Doses for Fully Vaccinated,2173610.0
2021-06-08,Doses for Fully Vaccinated,2348660.0
2021-06-09,Doses for Fully Vaccinated,2565352.0
2021-06-10,Doses for Fully Vaccinated,2799552.0
2021-06-11,Doses for Fully Vaccinated,3067484.0
2021-06-12,Doses for Fully Vaccinated,3335522.0
2021-06-13,Doses for Fully Vaccinated,3593564.0
2021-06-14,Doses for Fully Vaccinated,3788640.0
2021-06-15,Doses for Fully Vaccinated,4075502.0
2021-06-16,Doses for Fully Vaccinated,4397430.0
2021-06-17,Doses for Fully Vaccinated,4742070.0
2021-06-18,Doses for Fully Vaccinated,5094482.0
2021-06-19,Doses for Fully Vaccinated,5450604.0
2021-06-20,Doses for Fully Vaccinated,5748560.0
2021-06-21,Doses for Fully Vaccinated,5945400.0
2021-06-22,Doses for Fully Vaccinated,6290744.0
2021-06-23,Doses for Fully Vaccinated,6687488.0
2021-06-24,Doses for Fully Vaccinated,7084878.0
2021-06-25,Doses for Fully Vaccinated,7522442.0
2021-06-26,Doses for Fully Vaccinated,7976210.0
2021-06-27,Doses for Fully Vaccinated,8327242.0
2020-12-24,Fully Vaccinated,
2020-12-30,Fully Vaccinated,
2020-12-31,Fully Vaccinated,
2021-01-01,Fully Vaccinated,
2021-01-02,Fully Vaccinated,
2021-01-03,Fully Vaccinated,
2021-01-04,Fully Vaccinated,
2021-01-05,Fully Vaccinated,
2021-01-06,Fully Vaccinated,430.0
2021-01-07,Fully Vaccinated,1087.0
2021-01-08,Fully Vaccinated,2027.0
2021-01-09,Fully Vaccinated,2940.0
2021-01-10,Fully Vaccinated,2942.0
2021-01-11,Fully Vaccinated,2942.0
2021-01-12,Fully Vaccinated,3023.0
2021-01-13,Fully Vaccinated,4389.0
2021-01-14,Fully Vaccinated,6647.0
2021-01-15,Fully Vaccinated,8547.0
2021-01-16,Fully Vaccinated,9667.0
2021-01-17,Fully Vaccinated,10857.0
2021-01-18,Fully Vaccinated,10876.0
2021-01-19,Fully Vaccinated,12805.0
2021-01-20,Fully Vaccinated,16181.0
2021-01-21,Fully Vaccinated,20113.0
2021-01-22,Fully Vaccinated,24646.0
2021-01-23,Fully Vaccinated,28954.0
2021-01-24,Fully Vaccinated,31441.0
2021-01-25,Fully Vaccinated,35628.0
2021-01-26,Fully Vaccinated,41643.0
2021-01-27,Fully Vaccinated,48230.0
2021-01-28,Fully Vaccinated,55286.0
2021-01-29,Fully Vaccinated,61679.0
2021-01-30,Fully Vaccinated,67787.0
2021-01-31,Fully Vaccinated,68849.0
2021-02-01,Fully Vaccinated,70293.0
2021-02-02,Fully Vaccinated,72057.0
2021-02-03,Fully Vaccinated,74994.0
2021-02-04,Fully Vaccinated,80977.0
2021-02-05,Fully Vaccinated,87831.0
2021-02-06,Fully Vaccinated,96573.0
2021-02-07,Fully Vaccinated,101744.0
2021-02-08,Fully Vaccinated,106163.0
2021-02-09,Fully Vaccinated,115529.0
2021-02-10,Fully Vaccinated,125725.0
2021-02-11,Fully Vaccinated,136988.0
2021-02-12,Fully Vaccinated,151282.0
2021-02-13,Fully Vaccinated,164307.0
2021-02-14,Fully Vaccinated,174643.0
2021-02-15,Fully Vaccinated,182137.0
2021-02-16,Fully Vaccinated,186934.0
2021-02-17,Fully Vaccinated,195366.0
2021-02-18,Fully Vaccinated,205802.0
2021-02-19,Fully Vaccinated,217715.0
2021-02-20,Fully Vaccinated,229151.0
2021-02-21,Fully Vaccinated,235922.0
2021-02-22,Fully Vaccinated,240669.0
2021-02-23,Fully Vaccinated,247042.0
2021-02-24,Fully Vaccinated,251590.0
2021-02-25,Fully Vaccinated,255449.0
2021-02-26,Fully Vaccinated,258014.0
2021-02-27,Fully Vaccinated,260972.0
2021-02-28,Fully Vaccinated,262103.0
2021-03-01,Fully Vaccinated,263214.0
2021-03-02,Fully Vaccinated,264896.0
2021-03-03,Fully Vaccinated,266710.0
2021-03-04,Fully Vaccinated,268118.0
2021-03-05,Fully Vaccinated,269063.0
2021-03-06,Fully Vaccinated,270625.0
2021-03-07,Fully Vaccinated,271807.0
2021-03-08,Fully Vaccinated,273676.0
2021-03-09,Fully Vaccinated,276193.0
2021-03-10,Fully Vaccinated,279204.0
2021-03-11,Fully Vaccinated,281714.0
2021-03-12,Fully Vaccinated,282748.0
2021-03-13,Fully Vaccinated,284686.0
2021-03-14,Fully Vaccinated,285615.0
2021-03-15,Fully Vaccinated,287283.0
2021-03-16,Fully Vaccinated,288918.0
2021-03-17,Fully Vaccinated,290659.0
2021-03-18,Fully Vaccinated,292269.0
2021-03-19,Fully Vaccinated,294749.0
2021-03-20,Fully Vaccinated,297134.0
2021-03-21,Fully Vaccinated,298549.0
2021-03-22,Fully Vaccinated,299297.0
2021-03-23,Fully Vaccinated,301043.0
2021-03-24,Fully Vaccinated,302664.0
2021-03-25,Fully Vaccinated,304386.0
2021-03-26,Fully Vaccinated,306373.0
2021-03-27,Fully Vaccinated,308301.0
2021-03-28,Fully Vaccinated,309285.0
2021-03-29,Fully Vaccinated,311248.0
2021-03-30,Fully Vaccinated,313889.0
2021-03-31,Fully Vaccinated,315820.0
2021-04-01,Fully Vaccinated,317715.0
2021-04-02,Fully Vaccinated,320350.0
2021-04-03,Fully Vaccinated,321469.0
2021-04-04,Fully Vaccinated,322048.0
2021-04-05,Fully Vaccinated,322197.0
2021-04-06,Fully Vaccinated,323148.0
2021-04-07,Fully Vaccinated,324783.0
2021-04-08,Fully Vaccinated,326360.0
2021-04-09,Fully Vaccinated,328598.0
2021-04-10,Fully Vaccinated,330982.0
2021-04-11,Fully Vaccinated,333150.0
2021-04-12,Fully Vaccinated,333419.0
2021-04-13,Fully Vaccinated,335262.0
2021-04-14,Fully Vaccinated,337206.0
2021-04-15,Fully Vaccinated,339491.0
2021-04-16,Fully Vaccinated,341933.0
2021-04-17,Fully Vaccinated,344244.0
2021-04-18,Fully Vaccinated,345310.0
2021-04-19,Fully Vaccinated,346005.0
2021-04-20,Fully Vaccinated,347597.0
2021-04-21,Fully Vaccinated,349396.0
2021-04-22,Fully Vaccinated,351354.0
2021-04-23,Fully Vaccinated,355208.0
2021-04-24,Fully Vaccinated,358776.0
2021-04-25,Fully Vaccinated,360354.0
2021-04-26,Fully Vaccinated,361166.0
2021-04-27,Fully Vaccinated,362563.0
2021-04-28,Fully Vaccinated,365166.0
2021-04-29,Fully Vaccinated,368403.0
2021-04-30,Fully Vaccinated,371110.0
2021-05-01,Fully Vaccinated,373559.0
2021-05-02,Fully Vaccinated,375280.0
2021-05-03,Fully Vaccinated,375905.0
2021-05-04,Fully Vaccinated,378085.0
2021-05-05,Fully Vaccinated,381123.0
2021-05-06,Fully Vaccinated,384589.0
2021-05-07,Fully Vaccinated,387484.0
2021-05-08,Fully Vaccinated,390990.0
2021-05-09,Fully Vaccinated,392835.0
2021-05-10,Fully Vaccinated,393884.0
2021-05-11,Fully Vaccinated,396787.0
2021-05-12,Fully Vaccinated,402258.0
2021-05-13,Fully Vaccinated,407600.0
2021-05-14,Fully Vaccinated,415531.0
2021-05-15,Fully Vaccinated,422960.0
2021-05-16,Fully Vaccinated,429636.0
2021-05-17,Fully Vaccinated,432760.0
2021-05-18,Fully Vaccinated,442102.0
2021-05-19,Fully Vaccinated,456784.0
2021-05-20,Fully Vaccinated,473759.0
2021-05-21,Fully Vaccinated,495757.0
2021-05-22,Fully Vaccinated,519981.0
2021-05-23,Fully Vaccinated,531603.0
2021-05-24,Fully Vaccinated,537970.0
2021-05-25,Fully Vaccinated,544288.0
2021-05-26,Fully Vaccinated,569317.0
2021-05-27,Fully Vaccinated,594854.0
2021-05-28,Fully Vaccinated,624920.0
2021-05-29,Fully Vaccinated,659139.0
2021-05-30,Fully Vaccinated,687894.0
2021-05-31,Fully Vaccinated,706832.0
2021-06-01,Fully Vaccinated,739722.0
2021-06-02,Fully Vaccinated,781163.0
2021-06-03,Fully Vaccinated,834981.0
2021-06-04,Fully Vaccinated,896065.0
2021-06-05,Fully Vaccinated,963257.0
2021-06-06,Fully Vaccinated,1031520.0
2021-06-07,Fully Vaccinated,1086805.0
2021-06-08,Fully Vaccinated,1174330.0
2021-06-09,Fully Vaccinated,1282676.0
2021-06-10,Fully Vaccinated,1399776.0
2021-06-11,Fully Vaccinated,1533742.0
2021-06-12,Fully Vaccinated,1667761.0
2021-06-13,Fully Vaccinated,1796782.0
2021-06-14,Fully Vaccinated,1894320.0
2021-06-15,Fully Vaccinated,2037751.0
2021-06-16,Fully Vaccinated,2198715.0
2021-06-17,Fully Vaccinated,2371035.0
2021-06-18,Fully Vaccinated,2547241.0
2021-06-19,Fully Vaccinated,2725302.0
2021-06-20,Fully Vaccinated,2874280.0
2021-06-21,Fully Vaccinated,2972700.0
2021-06-22,Fully Vaccinated,3145372.0
2021-06-23,Fully Vaccinated,3343744.0
2021-06-24,Fully Vaccinated,3542439.0
2021-06-25,Fully Vaccinated,3761221.0
2021-06-26,Fully Vaccinated,3988105.0
2021-06-27,Fully Vaccinated,4163621.0
2020-12-24,Partially Vaccinated,
2020-12-30,Partially Vaccinated,
2020-12-31,Partially Vaccinated,
2021-01-01,Partially Vaccinated,
2021-01-02,Partially Vaccinated,
2021-01-03,Partially Vaccinated,
2021-01-04,Partially Vaccinated,
2021-01-05,Partially Vaccinated,
2021-01-06,Partially Vaccinated,59520.0
2021-01-07,Partially Vaccinated,70458.0
2021-01-08,Partially Vaccinated,83510.0
2021-01-09,Partially Vaccinated,97383.0
2021-01-10,Partially Vaccinated,107362.0
2021-01-11,Partially Vaccinated,116221.0
2021-01-12,Partially Vaccinated,127507.0
2021-01-13,Partially Vaccinated,136006.0
2021-01-14,Partially Vaccinated,145728.0
2021-01-15,Partially Vaccinated,157536.0
2021-01-16,Partially Vaccinated,169757.0
2021-01-17,Partially Vaccinated,178383.0
2021-01-18,Partially Vaccinated,188036.0
2021-01-19,Partially Vaccinated,198525.0
2021-01-20,Partially Vaccinated,205557.0
2021-01-21,Partially Vaccinated,213592.0
2021-01-22,Partially Vaccinated,215693.0
2021-01-23,Partially Vaccinated,218239.0
2021-01-24,Partially Vaccinated,217692.0
2021-01-25,Partially Vaccinated,214854.0
2021-01-26,Partially Vaccinated,212532.0
2021-01-27,Partially Vaccinated,208871.0
2021-01-28,Partially Vaccinated,206669.0
2021-01-29,Partially Vaccinated,204098.0
2021-01-30,Partially Vaccinated,201254.0
2021-01-31,Partially Vaccinated,201946.0
2021-02-01,Partially Vaccinated,201315.0
2021-02-02,Partially Vaccinated,200502.0
2021-02-03,Partially Vaccinated,198344.0
2021-02-04,Partially Vaccinated,193101.0
2021-02-05,Partially Vaccinated,187087.0
2021-02-06,Partially Vaccinated,179520.0
2021-02-07,Partially Vaccinated,175697.0
2021-02-08,Partially Vaccinated,173845.0
2021-02-09,Partially Vaccinated,167575.0
2021-02-10,Partially Vaccinated,160670.0
2021-02-11,Partially Vaccinated,152861.0
2021-02-12,Partially Vaccinated,139878.0
2021-02-13,Partially Vaccinated,128333.0
2021-02-14,Partially Vaccinated,118340.0
2021-02-15,Partially Vaccinated,111050.0
2021-02-16,Partially Vaccinated,106510.0
2021-02-17,Partially Vaccinated,98753.0
2021-02-18,Partially Vaccinated,90263.0
2021-02-19,Partially Vaccinated,83405.0
2021-02-20,Partially Vaccinated,81828.0
2021-02-21,Partially Vaccinated,84690.0
2021-02-22,Partially Vaccinated,88118.0
2021-02-23,Partially Vaccinated,91624.0
2021-02-24,Partially Vaccinated,99668.0
2021-02-25,Partially Vaccinated,111063.0
2021-02-26,Partially Vaccinated,127737.0
2021-02-27,Partially Vaccinated,146161.0
2021-02-28,Partially Vaccinated,163066.0
2021-03-01,Partially Vaccinated,178268.0
2021-03-02,Partially Vaccinated,197229.0
2021-03-03,Partially Vaccinated,220999.0
2021-03-04,Partially Vaccinated,248593.0
2021-03-05,Partially Vaccinated,282588.0
2021-03-06,Partially Vaccinated,319162.0
2021-03-07,Partially Vaccinated,346990.0
2021-03-08,Partially Vaccinated,365134.0
2021-03-09,Partially Vaccinated,391148.0
2021-03-10,Partially Vaccinated,420390.0
2021-03-11,Partially Vaccinated,455979.0
2021-03-12,Partially Vaccinated,497415.0
2021-03-13,Partially Vaccinated,547125.0
2021-03-14,Partially Vaccinated,587126.0
2021-03-15,Partially Vaccinated,616987.0
2021-03-16,Partially Vaccinated,665296.0
2021-03-17,Partially Vaccinated,720016.0
2021-03-18,Partially Vaccinated,774916.0
2021-03-19,Partially Vaccinated,831101.0
2021-03-20,Partially Vaccinated,886615.0
2021-03-21,Partially Vaccinated,924607.0
2021-03-22,Partially Vaccinated,954446.0
2021-03-23,Partially Vaccinated,1001613.0
2021-03-24,Partially Vaccinated,1070822.0
2021-03-25,Partially Vaccinated,1146825.0
2021-03-26,Partially Vaccinated,1225846.0
2021-03-27,Partially Vaccinated,1299730.0
2021-03-28,Partially Vaccinated,1362712.0
2021-03-29,Partially Vaccinated,1409240.0
2021-03-30,Partially Vaccinated,1474602.0
2021-03-31,Partially Vaccinated,1560614.0
2021-04-01,Partially Vaccinated,1640883.0
2021-04-02,Partially Vaccinated,1723796.0
2021-04-03,Partially Vaccinated,1781126.0
2021-04-04,Partially Vaccinated,1849093.0
2021-04-05,Partially Vaccinated,1901247.0
2021-04-06,Partially Vaccinated,1975544.0
2021-04-07,Partially Vaccinated,2076655.0
2021-04-08,Partially Vaccinated,2182065.0
2021-04-09,Partially Vaccinated,2282447.0
2021-04-10,Partially Vaccinated,2382986.0
2021-04-11,Partially Vaccinated,2473444.0
2021-04-12,Partially Vaccinated,2547627.0
2021-04-13,Partially Vaccinated,2639633.0
2021-04-14,Partially Vaccinated,2748563.0
2021-04-15,Partially Vaccinated,2849423.0
2021-04-16,Partially Vaccinated,2960172.0
2021-04-17,Partially Vaccinated,3062828.0
2021-04-18,Partially Vaccinated,3147261.0
2021-04-19,Partially Vaccinated,3212768.0
2021-04-20,Partially Vaccinated,3299993.0
2021-04-21,Partially Vaccinated,3433091.0
2021-04-22,Partially Vaccinated,3564095.0
2021-04-23,Partially Vaccinated,3690258.0
2021-04-24,Partially Vaccinated,3809816.0
2021-04-25,Partially Vaccinated,3906195.0
2021-04-26,Partially Vaccinated,3973879.0
2021-04-27,Partially Vaccinated,4065904.0
2021-04-28,Partially Vaccinated,4176871.0
2021-04-29,Partially Vaccinated,4290964.0
2021-04-30,Partially Vaccinated,4397764.0
2021-05-01,Partially Vaccinated,4500566.0
2021-05-02,Partially Vaccinated,4573809.0
2021-05-03,Partially Vaccinated,4626439.0
2021-05-04,Partially Vaccinated,4710950.0
2021-05-05,Partially Vaccinated,4837477.0
2021-05-06,Partially Vaccinated,4971583.0
2021-05-07,Partially Vaccinated,5110517.0
2021-05-08,Partially Vaccinated,5241630.0
2021-05-09,Partially Vaccinated,5359015.0
2021-05-10,Partially Vaccinated,5451010.0
2021-05-11,Partially Vaccinated,5557307.0
2021-05-12,Partially Vaccinated,5687150.0
2021-05-13,Partially Vaccinated,5814163.0
2021-05-14,Partially Vaccinated,5940066.0
2021-05-15,Partially Vaccinated,6079312.0
2021-05-16,Partially Vaccinated,6205543.0
2021-05-17,Partially Vaccinated,6311625.0
2021-05-18,Partially Vaccinated,6401973.0
2021-05-19,Partially Vaccinated,6518070.0
2021-05-20,Partially Vaccinated,6629106.0
2021-05-21,Partially Vaccinated,6743634.0
2021-05-22,Partially Vaccinated,6885315.0
2021-05-23,Partially Vaccinated,7002401.0
2021-05-24,Partially Vaccinated,7088775.0
2021-05-25,Partially Vaccinated,7163066.0
2021-05-26,Partially Vaccinated,7248316.0
2021-05-27,Partially Vaccinated,7340990.0
2021-05-28,Partially Vaccinated,7440633.0
2021-05-29,Partially Vaccinated,7521167.0
2021-05-30,Partially Vaccinated,7608490.0
2021-05-31,Partially Vaccinated,7668361.0
2021-06-01,Partially Vaccinated,7722776.0
2021-06-02,Partially Vaccinated,7779795.0
2021-06-03,Partially Vaccinated,7823043.0
2021-06-04,Partially Vaccinated,7869197.0
2021-06-05,Partially Vaccinated,7907668.0
2021-06-06,Partially Vaccinated,7929535.0
2021-06-07,Partially Vaccinated,7935794.0
2021-06-08,Partially Vaccinated,7918953.0
2021-06-09,Partially Vaccinated,7879767.0
2021-06-10,Partially Vaccinated,7827917.0
2021-06-11,Partially Vaccinated,7759936.0
2021-06-12,Partially Vaccinated,7686930.0
2021-06-13,Partially Vaccinated,7615303.0
2021-06-14,Partially Vaccinated,7555801.0
2021-06-15,Partially Vaccinated,7453928.0
2021-06-16,Partially Vaccinated,7334984.0
2021-06-17,Partially Vaccinated,7200955.0
2021-06-18,Partially Vaccinated,7059181.0
2021-06-19,Partially Vaccinated,6916295.0
2021-06-20,Partially Vaccinated,6802590.0
2021-06-21,Partially Vaccinated,6724375.0
2021-06-22,Partially Vaccinated,6578566.0
2021-06-23,Partially Vaccinated,6409140.0
2021-06-24,Partially Vaccinated,6236938.0
2021-06-25,Partially Vaccinated,6045767.0
2021-06-26,Partially Vaccinated,5848259.0
2021-06-27,Partially Vaccinated,5699899.0
2020-12-24,All Vaccinated Percentage,
2020-12-30,All Vaccinated Percentage,
2020-12-31,All Vaccinated Percentage,
2021-01-01,All Vaccinated Percentage,
2021-01-02,All Vaccinated Percentage,
2021-01-03,All Vaccinated Percentage,
2021-01-04,All Vaccinated Percentage,
2021-01-05,All Vaccinated Percentage,
2021-01-06,All Vaccinated Percentage,0.4069091614494736
2021-01-07,All Vaccinated Percentage,0.48560315340685795
2021-01-08,All Vaccinated Percentage,0.5805735118222214
2021-01-09,All Vaccinated Percentage,0.6809399133293668
2021-01-10,All Vaccinated Percentage,0.7486857071646827
2021-01-11,All Vaccinated Percentage,0.8088159533912197
2021-01-12,All Vaccinated Percentage,0.8859691883903218
2021-01-13,All Vaccinated Percentage,0.9529276350575285
2021-01-14,All Vaccinated Percentage,1.0342348051159647
2021-01-15,All Vaccinated Percentage,1.1272843079401655
2021-01-16,All Vaccinated Percentage,1.217829232272709
2021-01-17,All Vaccinated Percentage,1.2844618801117327
2021-01-18,All Vaccinated Percentage,1.3501103439906201
2021-01-19,All Vaccinated Percentage,1.4343904283562268
2021-01-20,All Vaccinated Percentage,1.5050344742672548
2021-01-21,All Vaccinated Percentage,1.586260194618645
2021-01-22,All Vaccinated Percentage,1.6312950951393665
2021-01-23,All Vaccinated Percentage,1.6778096653380863
2021-01-24,All Vaccinated Percentage,1.6909773679771516
2021-01-25,All Vaccinated Percentage,1.7001404600198005
2021-01-26,All Vaccinated Percentage,1.725199819887548
2021-01-27,All Vaccinated Percentage,1.7450599734555403
2021-01-28,All Vaccinated Percentage,1.7780063799555528
2021-01-29,All Vaccinated Percentage,1.8039481116496294
2021-01-30,All Vaccinated Percentage,1.8261092194416648
2021-01-31,All Vaccinated Percentage,1.838014451621521
2021-02-01,All Vaccinated Percentage,1.8435258817982847
2021-02-02,All Vaccinated Percentage,1.8499807710816618
2021-02-03,All Vaccinated Percentage,1.8552682145640493
2021-02-04,All Vaccinated Percentage,1.8602977339741251
2021-02-05,All Vaccinated Percentage,1.865999213467329
2021-02-06,All Vaccinated Percentage,1.873974497282227
2021-02-07,All Vaccinated Percentage,1.8831172268981142
2021-02-08,All Vaccinated Percentage,1.9005474642059081
2021-02-09,All Vaccinated Percentage,1.9215614886237158
2021-02-10,All Vaccinated Percentage,1.94389228330543
2021-02-11,All Vaccinated Percentage,1.9673362239834364
2021-02-12,All Vaccinated Percentage,1.9762346044781862
2021-02-13,All Vaccinated Percentage,1.986286855822751
2021-02-14,All Vaccinated Percentage,1.9886149599491427
2021-02-15,All Vaccinated Percentage,1.9899996049689208
2021-02-16,All Vaccinated Percentage,1.9917371987192307
2021-02-17,All Vaccinated Percentage,1.9963187447405546
2021-02-18,All Vaccinated Percentage,2.0095339597087305
2021-02-19,All Vaccinated Percentage,2.043837861326172
2021-02-20,All Vaccinated Percentage,2.1107555831398566
2021-02-21,All Vaccinated Percentage,2.176139335470845
2021-02-22,All Vaccinated Percentage,2.2316269483957734
2021-02-23,All Vaccinated Percentage,2.2986804197212005
2021-02-24,All Vaccinated Percentage,2.384155099790145
2021-02-25,All Vaccinated Percentage,2.4876844649209007
2021-02-26,All Vaccinated Percentage,2.6182754952176124
2021-02-27,All Vaccinated Percentage,2.7633985107464065
2021-02-28,All Vaccinated Percentage,2.885817420436193
2021-03-01,All Vaccinated Percentage,2.996541509689325
2021-03-02,All Vaccinated Percentage,3.1366621557103915
2021-03-03,All Vaccinated Percentage,3.3103129311319655
2021-03-04,All Vaccinated Percentage,3.507156510634821
2021-03-05,All Vaccinated Percentage,3.74431769512533
2021-03-06,All Vaccinated Percentage,4.0031648641167745
2021-03-07,All Vaccinated Percentage,4.200069530899915
2021-03-08,All Vaccinated Percentage,4.335907279825491
2021-03-09,All Vaccinated Percentage,4.529553958326801
2021-03-10,All Vaccinated Percentage,4.748470408439059
2021-03-11,All Vaccinated Percentage,5.007073228309366
2021-03-12,All Vaccinated Percentage,5.295330529019919
2021-03-13,All Vaccinated Percentage,5.645890068144897
2021-03-14,All Vaccinated Percentage,5.923701443926832
2021-03-15,All Vaccinated Percentage,6.137710549189582
2021-03-16,All Vaccinated Percentage,6.476704229914061
2021-03-17,All Vaccinated Percentage,6.859931889039977
2021-03-18,All Vaccinated Percentage,7.2434853469940785
2021-03-19,All Vaccinated Percentage,7.641679389789655
2021-03-20,All Vaccinated Percentage,8.034660651334303
2021-03-21,All Vaccinated Percentage,8.302141489272598
2021-03-22,All Vaccinated Percentage,8.50975000505667
2021-03-23,All Vaccinated Percentage,8.8417457984508
2021-03-24,All Vaccinated Percentage,9.322502694288435
2021-03-25,All Vaccinated Percentage,9.850052446823861
2021-03-26,All Vaccinated Percentage,10.399899056663068
2021-03-27,All Vaccinated Percentage,10.91447115587587
2021-03-28,All Vaccinated Percentage,11.348638819283327
2021-03-29,All Vaccinated Percentage,11.677763510504095
2021-03-30,All Vaccinated Percentage,12.139339000332452
2021-03-31,All Vaccinated Percentage,12.736243178417347
2021-04-01,All Vaccinated Percentage,13.293936110035295
2021-04-02,All Vaccinated Percentage,13.874591071564563
2021-04-03,All Vaccinated Percentage,14.271305444682142
2021-04-04,All Vaccinated Percentage,14.736559746278733
2021-04-05,All Vaccinated Percentage,15.091565081913291
2021-04-06,All Vaccinated Percentage,15.602309044894943
2021-04-07,All Vaccinated Percentage,16.299701799047554
2021-04-08,All Vaccinated Percentage,17.02586666221408
2021-04-09,All Vaccinated Percentage,17.72595404417479
2021-04-10,All Vaccinated Percentage,18.420984756823074
2021-04-11,All Vaccinated Percentage,19.049681470558173
2021-04-12,All Vaccinated Percentage,19.555029390448038
2021-04-13,All Vaccinated Percentage,20.192027186826216
2021-04-14,All Vaccinated Percentage,20.944574967599987
2021-04-15,All Vaccinated Percentage,21.64466913703628
2021-04-16,All Vaccinated Percentage,22.412957073696646
2021-04-17,All Vaccinated Percentage,23.125418023652724
2021-04-18,All Vaccinated Percentage,23.70574039887822
2021-04-19,All Vaccinated Percentage,24.15508485769854
2021-04-20,All Vaccinated Percentage,24.75792807692219
2021-04-21,All Vaccinated Percentage,25.673531383725994
2021-04-22,All Vaccinated Percentage,26.57600771274426
2021-04-23,All Vaccinated Percentage,27.45850171363396
2021-04-24,All Vaccinated Percentage,28.29421643277705
2021-04-25,All Vaccinated Percentage,28.95909717886722
2021-04-26,All Vaccinated Percentage,29.424012106684454
2021-04-27,All Vaccinated Percentage,30.05811165098692
2021-04-28,All Vaccinated Percentage,30.828965253419227
2021-04-29,All Vaccinated Percentage,31.625339764059202
2021-04-30,All Vaccinated Percentage,32.368615853180934
2021-05-01,All Vaccinated Percentage,33.08300444620376
2021-05-02,All Vaccinated Percentage,33.59182076611866
2021-05-03,All Vaccinated Percentage,33.953287778512184
2021-05-04,All Vaccinated Percentage,34.54170082463756
2021-05-05,All Vaccinated Percentage,35.42112009908628
2021-05-06,All Vaccinated Percentage,36.354886690561294
2021-05-07,All Vaccinated Percentage,37.317547565610795
2021-05-08,All Vaccinated Percentage,38.23127074167696
2021-05-09,All Vaccinated Percentage,39.04054145593252
2021-05-10,All Vaccinated Percentage,39.672075334463045
2021-05-11,All Vaccinated Percentage,40.41326766857951
2021-05-12,All Vaccinated Percentage,41.33170814017875
2021-05-13,All Vaccinated Percentage,42.23006447151561
2021-05-14,All Vaccinated Percentage,43.13845947924587
2021-05-15,All Vaccinated Percentage,44.13401246099068
2021-05-16,All Vaccinated Percentage,45.03611547885165
2021-05-17,All Vaccinated Percentage,45.777348537821645
2021-05-18,All Vaccinated Percentage,46.453991979104345
2021-05-19,All Vaccinated Percentage,47.34165124891587
2021-05-20,All Vaccinated Percentage,48.21052278630217
2021-05-21,All Vaccinated Percentage,49.13718967831303
2021-05-22,All Vaccinated Percentage,50.26326581559868
2021-05-23,All Vaccinated Percentage,51.136868223469214
2021-05-24,All Vaccinated Percentage,51.76634549689684
2021-05-25,All Vaccinated Percentage,52.31347711650118
2021-05-26,All Vaccinated Percentage,53.06199313677619
2021-05-27,All Vaccinated Percentage,53.86434741340844
2021-05-28,All Vaccinated Percentage,54.74474408434171
2021-05-29,All Vaccinated Percentage,55.52362727039362
2021-05-30,All Vaccinated Percentage,56.31150386159849
2021-05-31,All Vaccinated Percentage,56.84641802514597
2021-06-01,All Vaccinated Percentage,57.43899858128185
2021-06-02,All Vaccinated Percentage,58.10729342759237
2021-06-03,All Vaccinated Percentage,58.76612653293439
2021-06-04,All Vaccinated Percentage,59.494001839948886
2021-06-05,All Vaccinated Percentage,60.211186872913615
2021-06-06,All Vaccinated Percentage,60.8229420475832
2021-06-07,All Vaccinated Percentage,61.240670445118575
2021-06-08,All Vaccinated Percentage,61.72043636952049
2021-06-09,All Vaccinated Percentage,62.18985818112759
2021-06-10,All Vaccinated Percentage,62.63274096318894
2021-06-11,All Vaccinated Percentage,63.08061253980684
2021-06-12,All Vaccinated Percentage,63.494736787805465
2021-06-13,All Vaccinated Percentage,63.88429716165418
2021-06-14,All Vaccinated Percentage,64.14246558308692
2021-06-15,All Vaccinated Percentage,64.42453949353758
2021-06-16,All Vaccinated Percentage,64.7097492177095
2021-06-17,All Vaccinated Percentage,64.96964844541695
2021-06-18,All Vaccinated Percentage,65.20335480483361
2021-06-19,All Vaccinated Percentage,65.44210425861151
2021-06-20,All Vaccinated Percentage,65.68151888499695
2021-06-21,All Vaccinated Percentage,65.81865982923526
2021-06-22,All Vaccinated Percentage,66.0009917859328
2021-06-23,All Vaccinated Percentage,66.19746205427836
2021-06-24,All Vaccinated Percentage,66.37728264500865
2021-06-25,All Vaccinated Percentage,66.56469163344538
2021-06-26,All Vaccinated Percentage,66.7640805162934
2021-06-27,All Vaccinated Percentage,66.94840120333797
2020-12-24,Over 12 Vaccinated Percentage,
2020-12-30,Over 12 Vaccinated Percentage,
2020-12-31,Over 12 Vaccinated Percentage,
2021-01-01,Over 12 Vaccinated Percentage,
2021-01-02,Over 12 Vaccinated Percentage,
2021-01-03,Over 12 Vaccinated Percentage,
2021-01-04,Over 12 Vaccinated Percentage,
2021-01-05,Over 12 Vaccinated Percentage,
2021-01-06,Over 12 Vaccinated Percentage,0.4635607247538025
2021-01-07,Over 12 Vaccinated Percentage,0.5532108172107764
2021-01-08,Over 12 Vaccinated Percentage,0.6614033386579024
2021-01-09,Over 12 Vaccinated Percentage,0.7757431624599788
2021-01-10,Over 12 Vaccinated Percentage,0.852920803723827
2021-01-11,Over 12 Vaccinated Percentage,0.9214226295886132
2021-01-12,Over 12 Vaccinated Percentage,1.0093174545807146
2021-01-13,Over 12 Vaccinated Percentage,1.0855981309726455
2021-01-14,Over 12 Vaccinated Percentage,1.1782252189096898
2021-01-15,Over 12 Vaccinated Percentage,1.2842294553675693
2021-01-16,Over 12 Vaccinated Percentage,1.387380415638057
2021-01-17,Over 12 Vaccinated Percentage,1.463289934151953
2021-01-18,Over 12 Vaccinated Percentage,1.5380782465759526
2021-01-19,Over 12 Vaccinated Percentage,1.6340921501500638
2021-01-20,Over 12 Vaccinated Percentage,1.7145715500372627
2021-01-21,Over 12 Vaccinated Percentage,1.8071058485047982
2021-01-22,Over 12 Vaccinated Percentage,1.858410692687308
2021-01-23,Over 12 Vaccinated Percentage,1.9114012122325594
2021-01-24,Over 12 Vaccinated Percentage,1.9264021764697967
2021-01-25,Over 12 Vaccinated Percentage,1.936840991789524
2021-01-26,Over 12 Vaccinated Percentage,1.965389218575029
2021-01-27,Over 12 Vaccinated Percentage,1.9880143842235631
2021-01-28,Over 12 Vaccinated Percentage,2.025547724639826
2021-01-29,Over 12 Vaccinated Percentage,2.055101170678342
2021-01-30,Over 12 Vaccinated Percentage,2.0803476388404967
2021-01-31,Over 12 Vaccinated Percentage,2.0939103663003493
2021-02-01,Over 12 Vaccinated Percentage,2.1001891204037704
2021-02-02,Over 12 Vaccinated Percentage,2.1075426858623336
2021-02-03,Over 12 Vaccinated Percentage,2.1135662689246058
2021-02-04,Over 12 Vaccinated Percentage,2.1192960186667666
2021-02-05,Over 12 Vaccinated Percentage,2.1257912815323747
2021-02-06,Over 12 Vaccinated Percentage,2.1348769170884334
2021-02-07,Over 12 Vaccinated Percentage,2.145292535040783
2021-02-08,Over 12 Vaccinated Percentage,2.165149481515642
2021-02-09,Over 12 Vaccinated Percentage,2.189089164648882
2021-02-10,Over 12 Vaccinated Percentage,2.2145289442058465
2021-02-11,Over 12 Vaccinated Percentage,2.241236846512763
2021-02-12,Over 12 Vaccinated Percentage,2.251374096056587
2021-02-13,Over 12 Vaccinated Percentage,2.262825863085117
2021-02-14,Over 12 Vaccinated Percentage,2.2654780954219067
2021-02-15,Over 12 Vaccinated Percentage,2.2670555164035546
2021-02-16,Over 12 Vaccinated Percentage,2.2690350250864064
2021-02-17,Over 12 Vaccinated Percentage,2.27425443274627
2021-02-18,Over 12 Vaccinated Percentage,2.2893095241740538
2021-02-19,Over 12 Vaccinated Percentage,2.328389355748795
2021-02-20,Over 12 Vaccinated Percentage,2.404623637405971
2021-02-21,Over 12 Vaccinated Percentage,2.4791103840540676
2021-02-22,Over 12 Vaccinated Percentage,2.542323210156859
2021-02-23,Over 12 Vaccinated Percentage,2.6187121409298837
2021-02-24,Over 12 Vaccinated Percentage,2.7160869567234553
2021-02-25,Over 12 Vaccinated Percentage,2.8340301049247856
2021-02-26,Over 12 Vaccinated Percentage,2.9828025543703762
2021-02-27,Over 12 Vaccinated Percentage,3.1481301916674744
2021-02-28,Over 12 Vaccinated Percentage,3.2875927643390273
2021-03-01,Over 12 Vaccinated Percentage,3.4137323156802917
2021-03-02,Over 12 Vaccinated Percentage,3.5733611330583983
2021-03-03,Over 12 Vaccinated Percentage,3.7711882820509137
2021-03-04,Over 12 Vaccinated Percentage,3.995437232486027
2021-03-05,Over 12 Vaccinated Percentage,4.265616970327938
2021-03-06,Over 12 Vaccinated Percentage,4.560501904426538
2021-03-07,Over 12 Vaccinated Percentage,4.784820446963781
2021-03-08,Over 12 Vaccinated Percentage,4.93957008473689
2021-03-09,Over 12 Vaccinated Percentage,5.160177048493788
2021-03-10,Over 12 Vaccinated Percentage,5.409571945165754
2021-03-11,Over 12 Vaccinated Percentage,5.704178510855827
2021-03-12,Over 12 Vaccinated Percentage,6.0325681759028535
2021-03-13,Over 12 Vaccinated Percentage,6.431934052668231
2021-03-14,Over 12 Vaccinated Percentage,6.748423468250768
2021-03-15,Over 12 Vaccinated Percentage,6.992227799384837
2021-03-16,Over 12 Vaccinated Percentage,7.378417571479981
2021-03-17,Over 12 Vaccinated Percentage,7.8149997579741335
2021-03-18,Over 12 Vaccinated Percentage,8.25195310234632
2021-03-19,Over 12 Vaccinated Percentage,8.705585353862693
2021-03-20,Over 12 Vaccinated Percentage,9.153279079330511
2021-03-21,Over 12 Vaccinated Percentage,9.457999697197032
2021-03-22,Over 12 Vaccinated Percentage,9.694512322518875
2021-03-23,Over 12 Vaccinated Percentage,10.072729932692065
2021-03-24,Over 12 Vaccinated Percentage,10.620419776467074
2021-03-25,Over 12 Vaccinated Percentage,11.221417170474822
2021-03-26,Over 12 Vaccinated Percentage,11.847815681760574
2021-03-27,Over 12 Vaccinated Percentage,12.434028620293274
2021-03-28,Over 12 Vaccinated Percentage,12.928642887509314
2021-03-29,Over 12 Vaccinated Percentage,13.303589668882324
2021-03-30,Over 12 Vaccinated Percentage,13.82942759258804
2021-03-31,Over 12 Vaccinated Percentage,14.509435219882432
2021-04-01,Over 12 Vaccinated Percentage,15.144772450064186
2021-04-02,Over 12 Vaccinated Percentage,15.806268578191599
2021-04-03,Over 12 Vaccinated Percentage,16.25821515434523
2021-04-04,Over 12 Vaccinated Percentage,16.78824406909042
2021-04-05,Over 12 Vaccinated Percentage,17.192674704399813
2021-04-06,Over 12 Vaccinated Percentage,17.774526537865604
2021-04-07,Over 12 Vaccinated Percentage,18.569013173166336
2021-04-08,Over 12 Vaccinated Percentage,19.39627768857101
2021-04-09,Over 12 Vaccinated Percentage,20.193834108821324
2021-04-10,Over 12 Vaccinated Percentage,20.985629849506306
2021-04-11,Over 12 Vaccinated Percentage,21.701856299732256
2021-04-12,Over 12 Vaccinated Percentage,22.277560830843097
2021-04-13,Over 12 Vaccinated Percentage,23.00324407450314
2021-04-14,Over 12 Vaccinated Percentage,23.860564645572836
2021-04-15,Over 12 Vaccinated Percentage,24.65812879827894
2021-04-16,Over 12 Vaccinated Percentage,25.53338093433119
2021-04-17,Over 12 Vaccinated Percentage,26.345033621491034
2021-04-18,Over 12 Vaccinated Percentage,27.006150859284617
2021-04-19,Over 12 Vaccinated Percentage,27.518054897652444
2021-04-20,Over 12 Vaccinated Percentage,28.20482842376518
2021-04-21,Over 12 Vaccinated Percentage,29.247905780335472
2021-04-22,Over 12 Vaccinated Percentage,30.276028567403273
2021-04-23,Over 12 Vaccinated Percentage,31.28138700461829
2021-04-24,Over 12 Vaccinated Percentage,32.23345335651214
2021-04-25,Over 12 Vaccinated Percentage,32.99090152856732
2021-04-26,Over 12 Vaccinated Percentage,33.520543820522896
2021-04-27,Over 12 Vaccinated Percentage,34.24292530555959
2021-04-28,Over 12 Vaccinated Percentage,35.121100309901365
2021-04-29,Over 12 Vaccinated Percentage,36.02834934802252
2021-04-30,Over 12 Vaccinated Percentage,36.87510738447982
2021-05-01,Over 12 Vaccinated Percentage,37.6889560890847
2021-05-02,Over 12 Vaccinated Percentage,38.26861190510545
2021-05-03,Over 12 Vaccinated Percentage,38.6804038383292
2021-05-04,Over 12 Vaccinated Percentage,39.35073816342731
2021-05-05,Over 12 Vaccinated Percentage,40.35259379816837
2021-05-06,Over 12 Vaccinated Percentage,41.416363206439094
2021-05-07,Over 12 Vaccinated Percentage,42.513049679018025
2021-05-08,Over 12 Vaccinated Percentage,43.553985145333826
2021-05-09,Over 12 Vaccinated Percentage,44.47592584946053
2021-05-10,Over 12 Vaccinated Percentage,45.1953844662077
2021-05-11,Over 12 Vaccinated Percentage,46.039768638736724
2021-05-12,Over 12 Vaccinated Percentage,47.08607816182824
2021-05-13,Over 12 Vaccinated Percentage,48.10950734823006
2021-05-14,Over 12 Vaccinated Percentage,49.144372836748836
2021-05-15,Over 12 Vaccinated Percentage,50.2785307900977
2021-05-16,Over 12 Vaccinated Percentage,51.306228292096925
2021-05-17,Over 12 Vaccinated Percentage,52.150658859360696
2021-05-18,Over 12 Vaccinated Percentage,52.9215073773041
2021-05-19,Over 12 Vaccinated Percentage,53.932750213377126
2021-05-20,Over 12 Vaccinated Percentage,54.9225896118168
2021-05-21,Over 12 Vaccinated Percentage,55.97827087132868
2021-05-22,Over 12 Vaccinated Percentage,57.26112394956521
2021-05-23,Over 12 Vaccinated Percentage,58.25635286969219
2021-05-24,Over 12 Vaccinated Percentage,58.97346855233426
2021-05-25,Over 12 Vaccinated Percentage,59.59677408130306
2021-05-26,Over 12 Vaccinated Percentage,60.449501573632084
2021-05-27,Over 12 Vaccinated Percentage,61.36356290530634
2021-05-28,Over 12 Vaccinated Percentage,62.3665320136815
2021-05-29,Over 12 Vaccinated Percentage,63.25385451322567
2021-05-30,Over 12 Vaccinated Percentage,64.15142251669475
2021-05-31,Over 12 Vaccinated Percentage,64.76080962523724
2021-06-01,Over 12 Vaccinated Percentage,65.4358916781919
2021-06-02,Over 12 Vaccinated Percentage,66.19722927551065
2021-06-03,Over 12 Vaccinated Percentage,66.94778782945481
2021-06-04,Over 12 Vaccinated Percentage,67.77700092371917
2021-06-05,Over 12 Vaccinated Percentage,68.59403540011051
2021-06-06,Over 12 Vaccinated Percentage,69.29096164067866
2021-06-07,Over 12 Vaccinated Percentage,69.76684789996554
2021-06-08,Over 12 Vaccinated Percentage,70.31340880519485
2021-06-09,Over 12 Vaccinated Percentage,70.84818544779657
2021-06-10,Over 12 Vaccinated Percentage,71.35272818825004
2021-06-11,Over 12 Vaccinated Percentage,71.8629542837109
2021-06-12,Over 12 Vaccinated Percentage,72.33473460897203
2021-06-13,Over 12 Vaccinated Percentage,72.77853117672049
2021-06-14,Over 12 Vaccinated Percentage,73.07264286523984
2021-06-15,Over 12 Vaccinated Percentage,73.39398826306001
2021-06-16,Over 12 Vaccinated Percentage,73.71890605545624
2021-06-17,Over 12 Vaccinated Percentage,74.01498952020266
2021-06-18,Over 12 Vaccinated Percentage,74.28123343804624
2021-06-19,Over 12 Vaccinated Percentage,74.55322257054358
2021-06-20,Over 12 Vaccinated Percentage,74.82596948370856
2021-06-21,Over 12 Vaccinated Percentage,74.98220375299381
2021-06-22,Over 12 Vaccinated Percentage,75.1899207129448
2021-06-23,Over 12 Vaccinated Percentage,75.41374437831134
2021-06-24,Over 12 Vaccinated Percentage,75.61860032961913
2021-06-25,Over 12 Vaccinated Percentage,75.83210116650282
2021-06-26,Over 12 Vaccinated Percentage,76.05924978786007
2021-06-27,Over 12 Vaccinated Percentage,76.26923235735823
